review_id	review_url	review_domain	claim_ids	is_fake
review_05537	https://piaui.folha.uol.com.br/lupa/2020/03/17/verificamos-barroso-bolsonaro/	uol.com.br	[1239927119569997829]	1
review_08704	https://poligrafo.sapo.pt/fact-check/ps-esta-a-fazer-propaganda-partidaria-utilizando-medidas-do-governo-relativas-a-covid-19	sapo.pt	[1251138535748276226]	1
review_07685	https://poligrafo.sapo.pt/fact-check/marques-diz-que-rangel-nao-fez-trabalho-no-parlamento-europeu-e-esta-na-597a-posicao-da-tabela-de-produtividade-e-verdade	sapo.pt	[1112046333047779330]	1
review_11499	https://www.aosfatos.org/noticias/no-roda-viva-gilmar-mendes-se-contradiz-sobre-defesa-da-liberdade-de-imprensa/	aosfatos.org	[1182353408839299072]	1
review_16766	https://observador.pt/factchecks/houve-sete-alteracoes-a-lei-laboral-no-mandato-deste-governo/	observador.pt	[1050039844875964416]	1
review_03475	https://www.boatos.org/politica/jose-sarney-discurso-onu-falando-ingles.html	boatos.org	[1176673292297691137]	1
review_02236	https://piaui.folha.uol.com.br/lupa/2018/11/10/verificamosenem-conceicao-evaristo/	uol.com.br	[1059184858562510848]	1
review_10576	https://noticias.uol.com.br/confere/ultimas-noticias/2018/08/24/jean-wyllys-nao-fara-filme-com-jesus-cristo-gay-nem-foi-atacado-por-ratinho.htm	uol.com.br	[1008741858439286784]	1
review_00717	https://poligrafo.sapo.pt/fact-check/andre-ventura-catarina-martins-nao-aparece-no-plenario-e-verdade	sapo.pt	[1270446982205751297]	1
review_14627	https://www.aosfatos.org/noticias/e-falso-que-jair-bolsonaro-fara-palestra-de-abertura-da-flip-2020/	aosfatos.org	[1199427384220487685]	1
review_08587	https://www.aosfatos.org/noticias/sites-desinformam-ao-atribuir-reporter-do-estadao-falsa-declaracao/	aosfatos.org	[1105188422812078080]	1
review_14993	https://www.aosfatos.org/noticias/decisao-da-fda-nao-amplia-uso-de-cloroquina-para-tratamento-da-covid-19-nos-eua/	aosfatos.org	[1272985282904801286]	1
review_09218	https://piaui.folha.uol.com.br/lupa/2018/06/12/verificamos-papa-terco/	uol.com.br	[1006545399006552064]	1
review_04244	https://piaui.folha.uol.com.br/lupa/2018/08/23/lula-onu-comite/	uol.com.br	[1030483569720918017]	1
review_18038	https://observador.pt/factchecks/fact-check-rui-tavares-fundador-do-livre-e-professor-na-telescola/	observador.pt	[1254889081286295556]	1
review_01920	https://www.aosfatos.org/noticias/e-falso-que-policiais-prestaram-continencia-manifestantes-contra-isolamento-em-sp/	aosfatos.org	[1264708382843457536]	1
review_06141	https://www.boatos.org/brasil/cedae-manutencao-rede-15-01-e-ficara-parada-12-horas.html	boatos.org	[1217164376765083651]	1
review_11858	https://www.boatos.org/brasil/secretario-general-figueiredo-anula-pedido-afastamento-gabriel-monteiro-2020.html	boatos.org	[1167198345892376576]	1
review_00228	https://www.boatos.org/esporte/sadio-mane-ferraris-avioes-70-euros-senegal.html	boatos.org	[1184871410591776768]	1
review_09268	https://poligrafo.sapo.pt/fact-check/juiz-neto-de-moura-esta-isento-de-custas-judiciais-nos-processos-que-mover-contra-os-que-o-ofenderam	sapo.pt	[1102355652213686272]	1
review_13913	https://www.aosfatos.org/noticias/site-engana-ao-dizer-que-nao-ha-restricoes-jornalistas-na-posse-de-bolsonaro/	aosfatos.org	[1080118699577798656]	1
review_03152	https://checamos.afp.com/bandeira-brasileira-foi-projetada-em-uma-montanha-suica-em-apoio-no-combate-covid-19	afp.com	[1253017839033823232]	1
review_06974	https://piaui.folha.uol.com.br/lupa/2018/09/20/verificamos-patricia-pillar-ciro-gomes/	uol.com.br	[1042589442568015872]	1
review_13151	https://piaui.folha.uol.com.br/lupa/2018/10/27/bolsonaro-video-editado-joaquim/	uol.com.br	[1056197812961112066]	1
review_18239	https://www.aosfatos.org/noticias/video-do-Greenpeace-editado-para-sustentar-que-ONG-negou-ajuda-ao-nordeste/	aosfatos.org	[1186293048629743629]	1
review_09257	https://www.boatos.org/ciencia/vespa-assassina-chegou-eua-criada-laboratorio-china.html	boatos.org	[1259173923733692424]	1
review_18687	https://checamos.afp.com/falas-atribuidas-aos-jornalistas-nao-foram-feitas-mas-o-comentario-do-portal-g1-foi-publicado-no	afp.com	[1170457640004177921]	1
review_00717	https://poligrafo.sapo.pt/fact-check/andre-ventura-catarina-martins-nao-aparece-no-plenario-e-verdade	sapo.pt	[1273978560072515585]	1
review_19391	https://www.aosfatos.org/noticias/video-de-kalil-almocando-em-restaurante-e-anterior-pandemia-de-covid-19/	aosfatos.org	[1018297937720414208]	1
review_14611	https://piaui.folha.uol.com.br/lupa/2020/05/25/verificamos-pms-video-continencia-manifestantes-isolamento-social/	uol.com.br	[1264717193482252288]	1
review_13459	https://piaui.folha.uol.com.br/lupa/2019/12/16/verificamos-mourao-texto-insetos-brasil/	uol.com.br	[1198949953768439809]	1
review_04733	https://www.aosfatos.org/noticias/e-falso-que-PSL-publicou-tweet-defendendo-fim-do-13-salario-e-das-ferias/	aosfatos.org	[1055472738792624129]	1
review_18971	https://politica.estadao.com.br/blogs/estadao-verifica/verificamos-ao-espalhar-teoria-conspiratoria-sobre-dominio-comunista-weintraub-nao-plagiou-hitler-textualmente/	estadao.com.br	[1115364804926017542]	1
review_08553	https://poligrafo.sapo.pt/fact-check/deputado-ativista-da-comunidade-gay-vai-fugir-do-brasil-por-ter-sido-autor-moral-do-atentado-contra-bolsonaro	sapo.pt	[1088491273227522049]	1
review_19100	https://observador.pt/factchecks/as-propinas-sao-mesmo-um-factor-de-desigualdade-social/	observador.pt	[1082405717573844992]	1
review_00722	https://piaui.folha.uol.com.br/lupa/2020/04/13/verificamos-modesto-carvalhosa-intervencao/	uol.com.br	[1247515129840795650]	1
review_03257	https://www.boatos.org/brasil/bandidos-roupas-profissionais-saude-van-bombeiros-assaltos.html	boatos.org	[1243754687112806401]	1
review_17371	https://piaui.folha.uol.com.br/lupa/2018/10/07/verificamos-video-urna-autocompleta/	uol.com.br	[1048975386963587074]	1
review_07947	https://piaui.folha.uol.com.br/lupa/2020/03/11/damares-poder-em-foco/	uol.com.br	[1237057096295813121]	1
review_05732	https://observador.pt/factchecks/fact-check-jesus-perdeu-amigo-e-isso-prova-que-dgs-esta-a-esconder-mortes/	observador.pt	[1238972235718819840]	1
review_17756	https://poligrafo.sapo.pt/fact-check/emmanuel-macron-referiu-se-a-amazonia-como-a-nossa-casa	sapo.pt	[1164667765799694345]	1
review_09806	https://www.aosfatos.org/noticias/e-falso-que-senadora-do-pt-defendeu-aborto-para-evitar-que-bebes-nascam-com-sinusite-e-rinite/	aosfatos.org	[996811501045518337]	1
review_05408	https://aosfatos.org/noticias/o-que-os-politicos-disseram-sobre-reforma-da-previdencia-e-o-que-nao-e-verdade/	aosfatos.org	[1098590845392031747]	1
review_08364	https://piaui.folha.uol.com.br/lupa/2019/04/08/verificamos-ministro-educacao-doutor/	uol.com.br	[1115282445019095040]	1
review_00067	https://www.aosfatos.org/noticias/e-falso-que-prefeitura-de-pelotas-usou-sirenes-para-marcar-inicio-do-lockdown-na-cidade/	aosfatos.org	[1292948475274055682]	1
review_10280	https://piaui.folha.uol.com.br/lupa/2019/12/18/verificamos-esquerda-karol-eller/	uol.com.br	[1207053624372801537]	1
review_16453	https://piaui.folha.uol.com.br/lupa/2019/05/30/verificamos-bala-de-prata-lula/	uol.com.br	[710992996922220544]	1
review_10276	https://checamos.afp.com/dirigir-sem-mascara-de-protecao-contra-covid-19-nao-figura-como-infracao-de-transito	afp.com	[1256039192985063427]	1
review_11227	https://poligrafo.sapo.pt/fact-check/ferro-rodrigues-disse-que-nao-pode-haver-mascarados-no-25-de-abril-porque-tambem-nao-houve-nas-restantes-sessoes	sapo.pt	[1252894109745975296]	1
review_18971	https://politica.estadao.com.br/blogs/estadao-verifica/verificamos-ao-espalhar-teoria-conspiratoria-sobre-dominio-comunista-weintraub-nao-plagiou-hitler-textualmente/	estadao.com.br	[1218583126408081411]	1
review_13894	https://politica.estadao.com.br/blogs/estadao-verifica/alianca-entre-fhc-e-mst-e-boato-infundado/	estadao.com.br	[1065269536419717120]	1
review_18990	https://checamos.afp.com/na-verdade-um-assessor-de-guimaraes-foi-detido-com-dolares-escondidos-na-cueca	afp.com	[1179032315529293827]	1
review_13302	https://www.aosfatos.org/noticias/e-falso-que-vera-magalhaes-recebe-r-500-mil-mensais-da-tv-cultura/	aosfatos.org	[1241080114353516544]	1
review_18691	https://poligrafo.sapo.pt/fact-check/joao-galamba-tem-razao-quando-acusa-joaquim-sarmento-de-ter-falhado-nas-previsoes-do-defice-de-2016	sapo.pt	[1178681346308358144]	1
review_00719	https://piaui.folha.uol.com.br/lupa/2019/05/09/verificamos-haddad-maduro-exemplo/	uol.com.br	[1100352045838725120]	1
review_11798	https://piaui.folha.uol.com.br/lupa/2020/04/01/twitter-bolsonaro-video-desabastecimento-ceasa-minas-gerais/	uol.com.br	[1245327689445068800]	1
review_13913	https://www.aosfatos.org/noticias/site-engana-ao-dizer-que-nao-ha-restricoes-jornalistas-na-posse-de-bolsonaro/	aosfatos.org	[1080081996578283520]	1
review_05004	https://piaui.folha.uol.com.br/lupa/2019/09/09/verificamos-livro-adulto-criancas-bienal-rio/	uol.com.br	[1170595234549575680]	1
review_06210	https://www.boatos.org/politica/namorado-fatima-bernardes-envia-projeto-libera-casamento-pais-filhos.html	boatos.org	[1163615754417295364]	1
review_08410	https://piaui.folha.uol.com.br/lupa/2019/04/13/jean-wyllys-bial/	uol.com.br	[1089166639105490947]	1
review_14304	https://politica.estadao.com.br/blogs/estadao-verifica/depoimento-na-policia-federal-nao-liga-jean-wyllys-a-adelio-bispo/	estadao.com.br	[1254923674332864512]	1
review_00719	https://piaui.folha.uol.com.br/lupa/2019/05/09/verificamos-haddad-maduro-exemplo/	uol.com.br	[1102701220945371138]	1
review_05669	https://piaui.folha.uol.com.br/lupa/2020/04/14/verificamos-video-ovos-joao-doria-acm-neto/	uol.com.br	[894706309601390592]	1
review_00474	https://www.aosfatos.org/noticias/e-falso-que-funcionario-registrou-presenca-de-deputados-ausentes-na-camara/	aosfatos.org	[963384083521810432]	1
review_04436	https://www.boatos.org/politica/doria-assinou-acordo-vacina-contra-covid-19-agosto-2019.html	boatos.org	[1271170488837029894]	1
review_01478	https://poligrafo.sapo.pt/fact-check/pagina-do-ministerio-das-infraestruturas-e-da-habitacao-no-twitter-difunde-propaganda-partidaria	sapo.pt	[1216791724623790084]	1
review_02281	https://poligrafo.sapo.pt/fact-check/cavaco-silva-foi-o-unico-politico-em-portugal-a-ganhar-quatro-eleicoes-nacionais-com-maioria-absoluta	sapo.pt	[1252567538040541184]	1
review_05183	https://www.boatos.org/tecnologia/instituto-mauricio-de-sousa-doando-super-almanaque-turma-da-monica-whatsapp.html	boatos.org	[1275436849939406850]	1
review_12464	https://www.boatos.org/politica/vera-magalhaes-recebe-r-500-mil-mes-doria-tv-cultura-bolsonaro.html	boatos.org	[1241078820448468992]	1
review_08602	https://poligrafo.sapo.pt/fact-check/programa-do-chega-tem-frases-copiadas-da-declaracao-de-principios-do-partido-nova-democracia	sapo.pt	[1172186967255191553]	1
review_12813	https://piaui.folha.uol.com.br/lupa/2020/04/24/verificamos-tuite-carlos-bolsonaro-mentira/	uol.com.br	[1252068766810279937]	1
review_06852	https://www.boatos.org/tecnologia/itau-turma-da-monica-dando-livros-gibis-whatsapp.html	boatos.org	[1252706105542746121]	1
review_13913	https://www.aosfatos.org/noticias/site-engana-ao-dizer-que-nao-ha-restricoes-jornalistas-na-posse-de-bolsonaro/	aosfatos.org	[1080111133888073728]	1
review_07666	https://observador.pt/factchecks/fact-check-catarina-martins-segurou-cartaz-em-que-dizia-estar-acima-da-lei/	observador.pt	[1269326850939027457]	1
review_09533	https://checamos.afp.com/tuite-em-que-bolsonaro-supostamente-diz-que-governa-para-os-ricos-foi-publicado-por-conta-satirica	afp.com	[1199622838988218369]	1
review_18038	https://observador.pt/factchecks/fact-check-rui-tavares-fundador-do-livre-e-professor-na-telescola/	observador.pt	[1257325828398071808]	1
review_01943	https://poligrafo.sapo.pt/fact-check/sondagem-indica-que-94-dos-brasileiros-querem-que-bolsonaro-seja-reeleito-em-2022	sapo.pt	[1262841440008372224]	1
review_07178	https://piaui.folha.uol.com.br/lupa/2020/04/04/osmar-terra-quarentena-italia-coronavirus/	uol.com.br	[1246474430676643842]	1
review_09180	https://www.aosfatos.org/noticias/nao-e-verdade-que-video-prova-que-testes-de-vacina-em-sp-sao-armados/	aosfatos.org	[1286096910005276672]	1
review_04840	https://www.aosfatos.org/noticias/em-video-difundido-por-trump-medica-engana-ao-dizer-que-cloroquina-cura-covid19/	aosfatos.org	[1288142337697349632]	1
review_00975	https://www.aosfatos.org/noticias/bolsonaro-e-oposicao-citam-dados-errados-ao-discutir-reforma-da-previdencia/	aosfatos.org	[1148656424425271296]	1
review_01416	https://observador.pt/factchecks/fact-check-fotografia-satelite-tirada-pela-nasa-mostra-incendios-na-australia/	observador.pt	[1214178706282942464]	1
review_10781	https://checamos.afp.com/nao-o-pt-nao-entrou-com-acao-para-derrubar-13o-para-o-bolsa-familia	afp.com	[1116311338920423429]	1
review_11761	https://piaui.folha.uol.com.br/lupa/2019/03/21/verificamos-estrada-bolsonaro-nordeste-rj/	uol.com.br	[1100034203482247171]	1
review_03380	https://piaui.folha.uol.com.br/lupa/2019/09/07/entrevista-lula-historia-brasil/	uol.com.br	[937812794778451974]	1
review_05408	https://aosfatos.org/noticias/o-que-os-politicos-disseram-sobre-reforma-da-previdencia-e-o-que-nao-e-verdade/	aosfatos.org	[1098342254010351617]	1
review_10223	https://www.aosfatos.org/noticias/ex-ministro-do-stf-ayres-britto-nao-e-autor-de-carta-com-criticas-moro/	aosfatos.org	[1257638551606476801]	1
review_11342	https://piaui.folha.uol.com.br/lupa/2020/03/26/verificamos-general-augusto-heleno-covid-19-cloroquina/	uol.com.br	[1240251678282125318]	1
review_16807	https://piaui.folha.uol.com.br/lupa/2019/04/09/tempo-real-chuva-rj-temporal/	uol.com.br	[1115639554961178625]	1
review_00717	https://poligrafo.sapo.pt/fact-check/andre-ventura-catarina-martins-nao-aparece-no-plenario-e-verdade	sapo.pt	[1273941981073457153]	1
review_09798	https://observador.pt/factchecks/fact-check-churchill-disse-que-os-fascistas-do-futuro-chamarao-a-si-mesmos-antifascistas/	observador.pt	[1267265705331896322]	1
review_01478	https://poligrafo.sapo.pt/fact-check/pagina-do-ministerio-das-infraestruturas-e-da-habitacao-no-twitter-difunde-propaganda-partidaria	sapo.pt	[1215365113630294018]	1
review_02459	https://poligrafo.sapo.pt/fact-check/os-simpsons-previram-o-coronavirus-ha-quase-30-anos	sapo.pt	[1224749712399654912]	1
review_00717	https://poligrafo.sapo.pt/fact-check/andre-ventura-catarina-martins-nao-aparece-no-plenario-e-verdade	sapo.pt	[1273647329699078144]	1
review_17739	https://piaui.folha.uol.com.br/lupa/2020/01/17/doria-davos-2019/	uol.com.br	[1088151629747183616]	1
review_01684	https://observador.pt/factchecks/galamba-lembra-que-rating-foi-para-lixo-no-tempo-de-passos-e-nao-socrates-foi-assim/	observador.pt	[1050861091151069186]	1
review_04231	https://checamos.afp.com/sim-um-cachorro-foi-abatido-em-um-supermercado-carrefour-em-osasco-em-sao-paulo	afp.com	[1069593073582317568]	1
review_14128	https://piaui.folha.uol.com.br/lupa/2018/08/06/manuela-meirelles-convencoes/	uol.com.br	[1024711437766221824]	1
review_10280	https://piaui.folha.uol.com.br/lupa/2019/12/18/verificamos-esquerda-karol-eller/	uol.com.br	[1207054000551542784]	1
review_10280	https://piaui.folha.uol.com.br/lupa/2019/12/18/verificamos-esquerda-karol-eller/	uol.com.br	[1206978625918177281]	1
review_06085	https://politica.estadao.com.br/blogs/estadao-verifica/boato-falso-diz-que-professor-americano-critico-a-bolsonaro-e-namorado-de-dilma/	estadao.com.br	[1129171347714793472]	1
review_07042	https://piaui.folha.uol.com.br/lupa/2018/11/03/verificamos-enem-horario-verao/	uol.com.br	[1058312765440319488]	1
review_01120	https://www.aosfatos.org/noticias/alvaro-dias-usa-dados-errados-ao-falar-de-foro-privilegiado-e-gastos-com-presos-e-estudantes/	aosfatos.org	[957975392920506368]	1
review_18381	https://piaui.folha.uol.com.br/lupa/2020/04/27/verificamos-moro-maia-joice/	uol.com.br	[1254114301411033090]	1
review_08505	https://politica.estadao.com.br/blogs/estadao-verifica/nao-e-de-padre-fabio-de-melo-texto-sobre-ataque-em-suzano-com-frase-armas-nao-matam/	estadao.com.br	[1106632019755323394]	1
review_10341	https://www.boatos.org/brasil/lojas-renner-promocao-falsa-black-friday-etiqueta-amarela.html	boatos.org	[1200085851146985474]	1
review_18134	https://piaui.folha.uol.com.br/lupa/2020/07/11/verificamos-aborto-pandemia/	uol.com.br	[1281559635988754432]	1
review_08364	https://piaui.folha.uol.com.br/lupa/2019/04/08/verificamos-ministro-educacao-doutor/	uol.com.br	[1115261421321883648]	1
review_03862	https://observador.pt/factchecks/fact-check-bolsonaro-disse-que-ensino-dos-eua-e-bom-porque-as-criancas-de-4-anos-ja-sabem-ingles/	observador.pt	[1071548185812893696]	1
review_04379	https://piaui.folha.uol.com.br/lupa/2020/03/11/verificamos-charge-globo-drauzio-varella-carlos-latuff/	uol.com.br	[1236979679204122631]	1
review_02088	https://checamos.afp.com/nao-deputada-maria-do-rosario-nao-escreveu-um-tuite-dizendo-que-corrupcao-e-algo-cultural-no-brasil	afp.com	[1110980711769616385]	1
review_18084	https://poligrafo.sapo.pt/fact-check/fotografia-viral-de-obras-por-comecar-da-nova-ala-pediatrica-do-hospital-de-sao-joao-no-porto-e-autentica	sapo.pt	[1183306716391317504]	1
review_04733	https://www.aosfatos.org/noticias/e-falso-que-PSL-publicou-tweet-defendendo-fim-do-13-salario-e-das-ferias/	aosfatos.org	[1050390172808941568]	1
review_08085	https://piaui.folha.uol.com.br/lupa/2019/07/01/verificamos-manifestante-cartaz-sergio-moro-bom-pra-burro/	uol.com.br	[1145487008829202433]	1
review_14895	https://www.aosfatos.org/noticias/promotores-em-foto-de-ato-pro-dilma-nao-sao-os-mesmos-que-investigam-flavio-bolsonaro/	aosfatos.org	[1087442504675414017]	1
review_04244	https://piaui.folha.uol.com.br/lupa/2018/08/23/lula-onu-comite/	uol.com.br	[1031320250447536128]	1
review_11523	https://piaui.folha.uol.com.br/lupa/2018/09/26/verificamos-marina-dias-bolsonaro/	uol.com.br	[1044915926636875776]	1
review_16807	https://piaui.folha.uol.com.br/lupa/2019/04/09/tempo-real-chuva-rj-temporal/	uol.com.br	[1115640385576013824]	1
review_10370	https://checamos.afp.com/nao-esta-foto-nao-mostra-ossadas-de-vitimas-da-ditadura-brasileira	afp.com	[967923825194209280]	1
review_00975	https://www.aosfatos.org/noticias/bolsonaro-e-oposicao-citam-dados-errados-ao-discutir-reforma-da-previdencia/	aosfatos.org	[1148982712193015809]	1
review_06670	https://www.aosfatos.org/noticias/foto-de-fatima-bezerra-com-boneco-de-vodu-de-bolsonaro-e-montagem/	aosfatos.org	[1243723634549698562]	1
review_05099	https://www.boatos.org/politica/aulas-jean-wyllys-harvard-canceladas-falta-alunos.html	boatos.org	[1184233804346675203]	1
review_01416	https://observador.pt/factchecks/fact-check-fotografia-satelite-tirada-pela-nasa-mostra-incendios-na-australia/	observador.pt	[1214177003320020992]	1
review_18038	https://observador.pt/factchecks/fact-check-rui-tavares-fundador-do-livre-e-professor-na-telescola/	observador.pt	[1257239071564455936]	1
review_00530	https://www.aosfatos.org/noticias/presos-nao-vao-monitorar-populacao-em-pontos-de-onibus-no-para/	aosfatos.org	[1248807066476728320]	1
review_07813	https://www.aosfatos.org/noticias/frase-somos-mais-populares-que-jesus-e-de-john-lennon-nao-de-manuela-davila/	aosfatos.org	[1048016956547391488]	1
review_06161	https://piaui.folha.uol.com.br/lupa/2019/02/07/chuva-rj/	uol.com.br	[1093306229798113280]	1
review_04244	https://piaui.folha.uol.com.br/lupa/2018/08/23/lula-onu-comite/	uol.com.br	[1031515422678495232]	1
review_01271	https://www.boatos.org/politica/joao-doria-pinta-bandeira-china-muro-quarentena-sp.html	boatos.org	[1248435718940028928]	1
review_18769	https://piaui.folha.uol.com.br/lupa/2020/01/06/verificamos-ataque-general-iraniano/	uol.com.br	[1214234075889897472]	1
review_13004	https://politica.estadao.com.br/blogs/estadao-verifica/e-falso-que-doria-tenha-mandado-recolher-cloroquina-das-farmacias-de-sp/	estadao.com.br	[1261022227543265286]	1
review_04244	https://piaui.folha.uol.com.br/lupa/2018/08/23/lula-onu-comite/	uol.com.br	[1032614686557184000]	1
review_06180	https://poligrafo.sapo.pt/fact-check/andre-ventura-insinuou-no-twitter-que-com-as-novas-orientacoes-do-governo-armando-vara-poderia-sair-da-cadeia-e-verdade	sapo.pt	[1245851473382080512]	1
review_14675	https://poligrafo.sapo.pt/fact-check/jorge-jesus-diz-que-10-das-atuais-20-equipas-do-campeonato-brasileiro-de-futebol-ja-foram-campeas-e-verdade	sapo.pt	[1134798068350640128]	1
review_08726	https://www.aosfatos.org/noticias/mulher-que-defende-traficantes-em-video-nao-e-filha-de-maria-do-rosario/	aosfatos.org	[1098712761570377728]	1
review_18283	https://politica.estadao.com.br/blogs/estadao-verifica/projeto-que-impediria-moro-de-se-candidatar-foi-alterado-apos-polemica/	estadao.com.br	[1194360589184831488]	1
review_04065	https://www.aosfatos.org/noticias/governo-nao-iniciou-cadastro-para-auxilio-cidadao-de-r-200-contra-coronavirus/	aosfatos.org	[1242120885227737089]	1
review_06511	https://piaui.folha.uol.com.br/lupa/2018/11/01/verificamos-manuela-moro/	uol.com.br	[1058001972341719042]	1
review_13505	https://politica.estadao.com.br/blogs/estadao-verifica/apos-palestra-na-flip-sites-atribuem-a-glenn-greenwald-falsa-intencao-de-deixar-o-pais/	estadao.com.br	[1150844208644837376]	1
review_16453	https://piaui.folha.uol.com.br/lupa/2019/05/30/verificamos-bala-de-prata-lula/	uol.com.br	[713157842883182592]	1
review_07005	https://politica.estadao.com.br/blogs/estadao-verifica/corrente-no-whatsapp-cita-valores-errados-de-despesas-de-campanhas-de-bolsonaro-e-dilma/	estadao.com.br	[1057284584277241856]	1
review_16305	https://www.aosfatos.org/noticias/poema-que-exalta-soldados-nao-foi-citado-por-obama-no-memorial-day/	aosfatos.org	[1104074004556595200]	1
review_16807	https://piaui.folha.uol.com.br/lupa/2019/04/09/tempo-real-chuva-rj-temporal/	uol.com.br	[1115641970175688709]	1
review_15394	https://observador.pt/factchecks/os-indios-brasileiros-venderam-terras-protegidas-a-empresas-estrangeiras/	observador.pt	[1162472533989502977]	1
review_09237	https://politica.estadao.com.br/blogs/estadao-verifica/deputado-nao-ofereceu-vantagens-para-professoras-fazerem-video-contra-bolsonaro/	estadao.com.br	[1045778019057651712]	1
review_10370	https://checamos.afp.com/nao-esta-foto-nao-mostra-ossadas-de-vitimas-da-ditadura-brasileira	afp.com	[967918903925137409]	1
review_13151	https://piaui.folha.uol.com.br/lupa/2018/10/27/bolsonaro-video-editado-joaquim/	uol.com.br	[1056229251538657280]	1
review_03653	https://checamos.afp.com/nao-haddad-nao-parabenizou-maduro-no-twitter-pela-revolucao-na-venezuela	afp.com	[1052278190620708864]	1
review_00204	https://www.aosfatos.org/noticias/o-que-dizem-os-fatos-e-os-politicos-que-comentaram-condenacao-de-lula/	aosfatos.org	[885206388762451968]	1
review_16453	https://piaui.folha.uol.com.br/lupa/2019/05/30/verificamos-bala-de-prata-lula/	uol.com.br	[853411888931246080]	1
review_03988	https://piaui.folha.uol.com.br/lupa/2017/02/17/saque-do-fgts-inativo-o-que-mais-voce-precisa-saber/	uol.com.br	[832043507309223937]	1
review_13416	https://politica.estadao.com.br/blogs/estadao-verifica/manuela-davila-nao-falou-em-pegar-armas-contra-sergio-moro/	estadao.com.br	[1058326038336409601]	1
review_13913	https://www.aosfatos.org/noticias/site-engana-ao-dizer-que-nao-ha-restricoes-jornalistas-na-posse-de-bolsonaro/	aosfatos.org	[1080115140568248320]	1
review_15812	https://aosfatos.org/noticias/e-falso-que-lula-e-dilma-nunca-se-hospedaram-na-blair-house-nos-eua/	aosfatos.org	[1107375923735732224]	1
review_10191	https://piaui.folha.uol.com.br/lupa/2019/08/26/verificamos-alexandre-garcia/	uol.com.br	[1106683517310775296]	1
review_15149	https://piaui.folha.uol.com.br/lupa/2017/06/05/foro-privilegiado-um-assunto-que-levou-senadores-a-cometer-erros-e-exageros/	uol.com.br	[870340128543301633]	1
review_13913	https://www.aosfatos.org/noticias/site-engana-ao-dizer-que-nao-ha-restricoes-jornalistas-na-posse-de-bolsonaro/	aosfatos.org	[1080445881147711488]	1
review_06852	https://www.boatos.org/tecnologia/itau-turma-da-monica-dando-livros-gibis-whatsapp.html	boatos.org	[1252672041498664962]	1
review_06888	https://checamos.afp.com/o-video-em-que-drauzio-varella-diz-que-continuara-andando-nas-ruas-e-de-30-de-janeiro-antes-da	afp.com	[1241720310526853120]	1
review_04438	https://politica.estadao.com.br/blogs/estadao-verifica/medicamentos-comprados-no-uruguai-custaram-r-15-milhao-remedios-nao-foram-cedidos/	estadao.com.br	[1284796485767495680]	1
review_14003	https://piaui.folha.uol.com.br/lupa/2018/12/06/verificamos-bolsonaro-degustador/	uol.com.br	[1067940488580345856]	1
review_16453	https://piaui.folha.uol.com.br/lupa/2019/05/30/verificamos-bala-de-prata-lula/	uol.com.br	[906239385565265920]	1
review_06694	https://apublica.org/2017/03/truco-ministro-usa-informacao-falsa-ao-criticar-dilma-por-transposicao-do-sao-francisco/	apublica.org	[842802015847809025]	1
review_18200	https://aosfatos.org/noticias/video-e-posts-tentam-vincular-jean-wyllys-adelio-usando-informacoes-falsas/	aosfatos.org	[1088742503912820736]	1
review_07115	https://www.aosfatos.org/noticias/oposicao-omite-contexto-ao-relacionar-reforma-trabalhista-e-desemprego/	aosfatos.org	[948254479073398785]	1
review_10781	https://checamos.afp.com/nao-o-pt-nao-entrou-com-acao-para-derrubar-13o-para-o-bolsa-familia	afp.com	[1116330370427912192]	1
review_00228	https://www.boatos.org/esporte/sadio-mane-ferraris-avioes-70-euros-senegal.html	boatos.org	[1184871403335704576]	1
review_08653	https://www.boatos.org/politica/ministro-educacao-abraham-weintraub-pede-criancas-voltem-aulas.html	boatos.org	[1239655349449351173]	1
review_00975	https://www.aosfatos.org/noticias/bolsonaro-e-oposicao-citam-dados-errados-ao-discutir-reforma-da-previdencia/	aosfatos.org	[1148728957589737473]	1
review_15149	https://piaui.folha.uol.com.br/lupa/2017/06/05/foro-privilegiado-um-assunto-que-levou-senadores-a-cometer-erros-e-exageros/	uol.com.br	[870030732214898689]	1
review_15149	https://piaui.folha.uol.com.br/lupa/2017/06/05/foro-privilegiado-um-assunto-que-levou-senadores-a-cometer-erros-e-exageros/	uol.com.br	[870297901876097028]	1
review_04379	https://piaui.folha.uol.com.br/lupa/2020/03/11/verificamos-charge-globo-drauzio-varella-carlos-latuff/	uol.com.br	[1237017123450433536]	1
review_13302	https://www.aosfatos.org/noticias/e-falso-que-vera-magalhaes-recebe-r-500-mil-mensais-da-tv-cultura/	aosfatos.org	[1241075376052469760]	1
review_10280	https://piaui.folha.uol.com.br/lupa/2019/12/18/verificamos-esquerda-karol-eller/	uol.com.br	[1206995642121371649]	1
review_12039	https://checamos.afp.com/na-verdade-este-livro-nao-estava-venda-nem-disponivel-na-bienal-do-rio	afp.com	[1169752491178831873]	1
review_12464	https://www.boatos.org/politica/vera-magalhaes-recebe-r-500-mil-mes-doria-tv-cultura-bolsonaro.html	boatos.org	[1241377214270263296]	1
review_06161	https://piaui.folha.uol.com.br/lupa/2019/02/07/chuva-rj/	uol.com.br	[1093267663143534596]	1
review_05932	https://piaui.folha.uol.com.br/lupa/2019/02/27/reforma-previdencia-apoiadores-criticos/	uol.com.br	[1097889662595723265]	1
review_03644	https://piaui.folha.uol.com.br/lupa/2020/07/31/verificamos-governador-rs-hidroxicloroquina/	uol.com.br	[1286752274740649984]	1
review_05123	https://piaui.folha.uol.com.br/lupa/2020/04/06/verificamos-localiza-coronavirus/	uol.com.br	[1246770653698699265]	1
review_15416	https://checamos.afp.com/nao-bolsonaro-nao-votou-contra-o-impeachment-de-temer-mas-sim-afirmou-que-aposentadoria-aos-65-anos	afp.com	[1108753416346628097]	1
review_17127	https://piaui.folha.uol.com.br/lupa/2019/02/14/verificamos-sargento-teori/	uol.com.br	[822917179947487233]	1
review_15970	https://www.aosfatos.org/noticias/e-falso-que-governador-do-maranhao-trocou-bandeira-nacional-pela-comunista/	aosfatos.org	[1138536963634532356]	1
review_17962	https://www.aosfatos.org/noticias/o-que-e-fato-nas-declaracoes-de-fernando-haddad-na-ultima-semana/	aosfatos.org	[1053735357680889856]	1
review_03644	https://piaui.folha.uol.com.br/lupa/2020/07/31/verificamos-governador-rs-hidroxicloroquina/	uol.com.br	[1287746849860976640]	1
review_05753	https://observador.pt/factchecks/fact-check-unicef-aconselha-a-nao-comer-gelados-por-causa-do-coronavirus/	observador.pt	[1237073411546980353]	1
review_05669	https://piaui.folha.uol.com.br/lupa/2020/04/14/verificamos-video-ovos-joao-doria-acm-neto/	uol.com.br	[894719103155527682]	1
review_11133	https://www.aosfatos.org/noticias/defensores-da-intervencao-temer-maia-meirelles-e-moreira-franco-ja-rejeitaram-medida/	aosfatos.org	[964495315440193536]	1
review_14069	https://politica.estadao.com.br/blogs/estadao-verifica/uniforme-perfurado-por-balas-e-falsamente-atribuido-a-menina-agatha/	estadao.com.br	[1175153447278190597]	1
review_11133	https://www.aosfatos.org/noticias/defensores-da-intervencao-temer-maia-meirelles-e-moreira-franco-ja-rejeitaram-medida/	aosfatos.org	[965600428934254593]	1
review_03603	https://www.boatos.org/entretenimento/roupa-nova-homenagem-regina-duarte-musica-dona.html	boatos.org	[1223755892006555649]	1
review_06751	https://checamos.afp.com/nao-este-video-nao-mostra-reacao-de-familiares-de-vitimas-de-brumadinho-resgatadas-com-tecnologia	afp.com	[1089276820850176002]	1
review_04238	https://piaui.folha.uol.com.br/lupa/2019/07/03/verificamos-tuite-moro-macaco/	uol.com.br	[1113797489562460160]	1
review_20024	https://poligrafo.sapo.pt/fact-check/fernando-medina-publicou-video-no-qual-se-acusa-a-china-de-ter-espalhado-o-coronavirus-por-todo-o-mundo	sapo.pt	[1240700573143330817]	1
review_05408	https://aosfatos.org/noticias/o-que-os-politicos-disseram-sobre-reforma-da-previdencia-e-o-que-nao-e-verdade/	aosfatos.org	[1098272699665838080]	1
review_06885	https://www.boatos.org/politica/ricardo-amorim-grava-audio-pedindo-fim-da-quarentena-apoiando-bolsonaro.html	boatos.org	[1243539564465135617]	1
review_04244	https://piaui.folha.uol.com.br/lupa/2018/08/23/lula-onu-comite/	uol.com.br	[1030801797064151041]	1
review_01090	https://www.aosfatos.org/noticias/e-falso-tweet-em-que-sergio-moro-elogia-rodrigo-maia/	aosfatos.org	[1253799660751409153]	1
review_10650	https://checamos.afp.com/nao-ministra-damares-alves-nao-cancelou-pagamento-de-2-mil-anistiados	afp.com	[1097646548756897792]	1
review_13359	https://piaui.folha.uol.com.br/lupa/2020/01/13/verificamos-jean-wyllys-casamento-muculmanos-meninas-menores-10-anos/	uol.com.br	[901435648481079296]	1
review_12813	https://piaui.folha.uol.com.br/lupa/2020/04/24/verificamos-tuite-carlos-bolsonaro-mentira/	uol.com.br	[1252046671812444160]	1
review_10757	https://www.boatos.org/mundo/criatura-estranha-encontrada-no-sul-da-colombia.html	boatos.org	[888035678713458688]	1
review_01645	https://piaui.folha.uol.com.br/lupa/2020/04/01/osmar-terra-coronavirus-holanda/	uol.com.br	[1245079417933742081]	1
review_10370	https://checamos.afp.com/nao-esta-foto-nao-mostra-ossadas-de-vitimas-da-ditadura-brasileira	afp.com	[1101131137261469697]	1
review_18289	https://poligrafo.sapo.pt/fact-check/catarina-martins-culpou-passos-coelho-pela-greve-dos-motoristas-de-materias-perigosas	sapo.pt	[1118466428175310848]	1
review_06258	https://poligrafo.sapo.pt/fact-check/ministro-da-educacao-do-brasil-escreveu-imprecionante-suspencao-e-paralizacao	sapo.pt	[1214958054594109440]	1
review_05408	https://aosfatos.org/noticias/o-que-os-politicos-disseram-sobre-reforma-da-previdencia-e-o-que-nao-e-verdade/	aosfatos.org	[1098618253608407040]	1
review_00836	https://www.boatos.org/entretenimento/ataque-porta-dos-fundos-forjado-fabio-porchat.html	boatos.org	[1209617899175993346]	1
review_03988	https://piaui.folha.uol.com.br/lupa/2017/02/17/saque-do-fgts-inativo-o-que-mais-voce-precisa-saber/	uol.com.br	[831917989872226311]	1
review_00228	https://www.boatos.org/esporte/sadio-mane-ferraris-avioes-70-euros-senegal.html	boatos.org	[1184871417487220736]	1
review_04546	https://piaui.folha.uol.com.br/lupa/2020/05/20/verificamos-imprensa-se-calou-lula-ainda-bem-monstro-coronavirus/	uol.com.br	[1263172805044117504]	1
review_19622	https://www.aosfatos.org/noticias/video-nao-mostra-lindbergh-comprando-drogas-em-favela-no-rio/	aosfatos.org	[1184281720125833217]	1
review_07947	https://piaui.folha.uol.com.br/lupa/2020/03/11/damares-poder-em-foco/	uol.com.br	[1174873389976248320]	1
review_07442	https://politica.estadao.com.br/blogs/estadao-verifica/alexandre-garcia-nao-escreveu-texto-sobre-papel-dos-militares-na-historia-do-pais/	estadao.com.br	[980971875277959169]	1
review_00204	https://www.aosfatos.org/noticias/o-que-dizem-os-fatos-e-os-politicos-que-comentaram-condenacao-de-lula/	aosfatos.org	[885232358063996929]	1
review_08248	https://poligrafo.sapo.pt/fact-check/andre-ventura-absteve-se-em-projeto-de-lei-que-visava-reforco-de-protecao-a-vitimas-de-violencia-domestica	sapo.pt	[1259473385215713281]	1
review_18451	https://piaui.folha.uol.com.br/lupa/2017/01/17/o-antes-e-o-depois-das-propostas-de-campanha-de-joao-doria/	uol.com.br	[812360769866174464]	1
review_19186	https://www.aosfatos.org/noticias/fato-e-ficcao-nas-declaracoes-de-bolsonaro-na-ultima-semana-de-campanha/	aosfatos.org	[1055192032032026627]	1
review_18467	https://checamos.afp.com/sim-jair-bolsonaro-declarou-que-chegada-de-hugo-chavez-ao-poder-na-venezuela-era-esperanca-para	afp.com	[940370784425529346]	1
review_02166	https://www.aosfatos.org/noticias/e-montagem-foto-que-mostra-maria-do-rosario-com-camiseta-do-mbl/	aosfatos.org	[1145427715828396032]	1
review_11285	https://piaui.folha.uol.com.br/lupa/2018/11/14/cuba-mais-medicos-erros-acertos/	uol.com.br	[1062726599693471745]	1
review_00988	https://www.aosfatos.org/noticias/foto-nao-mostra-coronel-reformado-ibis-pereira-abracado-um-criminoso/	aosfatos.org	[1235981416422391808]	1
review_11855	https://piaui.folha.uol.com.br/lupa/2020/07/20/verificamos-globo-aumentou-grafico/	uol.com.br	[1283922677317750786]	1
review_13302	https://www.aosfatos.org/noticias/e-falso-que-vera-magalhaes-recebe-r-500-mil-mensais-da-tv-cultura/	aosfatos.org	[1241081167518011400]	1
review_00687	https://piaui.folha.uol.com.br/lupa/2019/05/09/verificamos-franciscanos-lula/	uol.com.br	[857980018940678146]	1
review_05826	https://www.boatos.org/politica/mulher-video-bolsonaro-nao-e-professora-wal-acai.html	boatos.org	[1029893742730326016]	1
review_12061	https://politica.estadao.com.br/blogs/estadao-verifica/e-falsa-a-corrente-que-fala-em-etapa-maxima-de-infeccao-pelo-novo-coronavirus-ate-3-de-abril/	estadao.com.br	[1242085145412329473]	1
review_06404	https://piaui.folha.uol.com.br/lupa/2018/10/23/debate-sp-folha-2-turno/	uol.com.br	[1054817927403323392]	1
review_15694	https://poligrafo.sapo.pt/fact-check/catarina-martins-incitou-a-vandalizar-umas-estatuas-e-demolir-o-padrao-dos-descobrimentos	sapo.pt	[1005899645627887617]	1
review_09787	https://poligrafo.sapo.pt/fact-check/ex-senador-brasileiro-foi-apanhado-a-comprar-droga-numa-favela-do-rio-de-janeiro	sapo.pt	[1184053440143597569]	1
review_07142	https://piaui.folha.uol.com.br/lupa/2016/10/27/freixo-faz-64-alteracoes-em-seu-programa-e-retira-revisao-de-isencao-de-iss-de-onibus/	uol.com.br	[307617442719465473]	1
review_01525	https://piaui.folha.uol.com.br/lupa/2019/03/20/verificamos-moro-flavio-bolsonaro-marielle/	uol.com.br	[1087523087535480832]	1
review_05493	https://www.aosfatos.org/noticias/nos-eua-bolsonaro-cita-informacoes-falsas-sobre-imigracao-e-antiamericanismo/	aosfatos.org	[1037812032609964033]	1
review_17739	https://piaui.folha.uol.com.br/lupa/2020/01/17/doria-davos-2019/	uol.com.br	[1088443493582688257]	1
review_02912	https://piaui.folha.uol.com.br/lupa/2018/09/24/verificamos-jean-wyllys-ministro-educacao-haddad/	uol.com.br	[621042705532092416]	1
review_03867	https://politica.estadao.com.br/blogs/estadao-verifica/caminhoes-em-carreata-pro-bolsonaro-pertencem-a-empresa-de-turismo-e-nao-ao-exercito/	estadao.com.br	[1044349708599209985]	1
review_08162	https://checamos.afp.com/nao-retomada-de-obras-em-trecho-da-br-163pa-nao-ocorreu-no-governo-bolsonaro	afp.com	[1100042775733637120]	1
review_03229	https://piaui.folha.uol.com.br/lupa/2018/10/25/fim-campanha-bolsonaro-haddad/	uol.com.br	[1054005325269938178]	1
review_09798	https://observador.pt/factchecks/fact-check-churchill-disse-que-os-fascistas-do-futuro-chamarao-a-si-mesmos-antifascistas/	observador.pt	[1028236403052879872]	1
review_01035	https://politica.estadao.com.br/blogs/estadao-verifica/boatos-distorcem-conteudo-de-video-para-fazer-falsa-associacao-entre-lindbergh-e-trafico/	estadao.com.br	[1184182334247051264]	1
review_15243	https://www.aosfatos.org/noticias/foto-de-incendio-em-2005-circula-entre-imagens-de-vandalismo-em-protesto-de-2017/	aosfatos.org	[867523090414272513]	1
review_19449	https://www.aosfatos.org/noticias/haddad-nao-celebrou-aniversario-com-amigos-durante-pandemia-foto-e-de-2018/	aosfatos.org	[1088800362847526913]	1
review_13632	https://www.boatos.org/saude/alexandre-garcia-texto-coronavirus-quarentena-bolsonaro-sociedade-escolheu-sacrificar-almas.html	boatos.org	[1246592742894993409]	1
review_07802	https://www.aosfatos.org/noticias/o-que-e-fato-no-pronunciamento-de-temer-pelo-dia-do-trabalho/	aosfatos.org	[991059868969660416]	1
review_04305	https://apublica.org/2017/10/truco-alimento-para-pobres-elogiado-por-doria-nao-e-completo-em-nutrientes/	apublica.org	[917186970249564160]	1
review_13041	https://www.aosfatos.org/noticias/verificamos-o-que-disse-sergio-moro-na-ccj-do-senado-e-no-ratinho/	aosfatos.org	[1139256964792422401]	1
review_18705	https://www.aosfatos.org/noticias/o-que-e-fato-no-pronunciamento-de-natal-de-bolsonaro/	aosfatos.org	[1192538216752132096]	1
review_19325	https://www.aosfatos.org/noticias/pt-nao-convocou-posse-simbolica-de-lula-nem-cancelou-evento-por-falta-de-publico/	aosfatos.org	[1080123255942467585]	1
review_03170	https://politica.estadao.com.br/blogs/estadao-verifica/transferencia-de-helicoptero-da-policia-de-sp-e-alvo-de-boato-nas-redes-sociais/	estadao.com.br	[1242570068279603204]	1
review_03988	https://piaui.folha.uol.com.br/lupa/2017/02/17/saque-do-fgts-inativo-o-que-mais-voce-precisa-saber/	uol.com.br	[832176922549481472]	1
review_05932	https://piaui.folha.uol.com.br/lupa/2019/02/27/reforma-previdencia-apoiadores-criticos/	uol.com.br	[1098290494709424129]	1
review_00687	https://piaui.folha.uol.com.br/lupa/2019/05/09/verificamos-franciscanos-lula/	uol.com.br	[857967362838069248]	1
review_05944	https://www.boatos.org/saude/mandetta-audio-final-de-abril-topo-pidemia-coronavirus.html	boatos.org	[1241798770179936259]	1
review_11472	https://piaui.folha.uol.com.br/lupa/2020/04/02/verificamos-agu-vai-investigar-globo-presidente/	uol.com.br	[1189533052931846146]	1
review_05753	https://observador.pt/factchecks/fact-check-unicef-aconselha-a-nao-comer-gelados-por-causa-do-coronavirus/	observador.pt	[1237072760473563136]	1
review_04561	https://checamos.afp.com/na-realidade-o-cartaz-que-deputada-estava-segurando-diz-que-todos-devem-ter-dignidade-humana	afp.com	[1023965055208116224]	1
review_14334	https://piaui.folha.uol.com.br/lupa/2018/08/23/educacao-presidenciaveis-ong/	uol.com.br	[1029719895536283649]	1
review_00353	https://www.aosfatos.org/noticias/foto-em-que-mandetta-e-helder-barbalho-se-cumprimentam-sem-mascaras-e-de-2019/	aosfatos.org	[1255895001533472768]	1
review_13913	https://www.aosfatos.org/noticias/site-engana-ao-dizer-que-nao-ha-restricoes-jornalistas-na-posse-de-bolsonaro/	aosfatos.org	[1080049520854085632]	1
review_08410	https://piaui.folha.uol.com.br/lupa/2019/04/13/jean-wyllys-bial/	uol.com.br	[1088849158348386305]	1
review_11296	https://piaui.folha.uol.com.br/lupa/2018/08/20/fgv-dapp-seguranca-eleicoes/	uol.com.br	[1026619916944855041]	1
review_05750	https://poligrafo.sapo.pt/fact-check/agente-condenado-no-caso-de-alfragide-foi-escolhido-para-figurar-com-um-gatinho-em-folheto-da-psp	sapo.pt	[636244633748676608]	1
review_12830	https://checamos.afp.com/nao-jair-bolsonaro-e-juan-guaido-nao-trocaram-farpas-no-twitter-sobre-autoproclamacao	afp.com	[1100184771039322114]	1
review_15529	https://piaui.folha.uol.com.br/lupa/2020/05/20/verificamos-teich-bolsonaro-mediocridade/	uol.com.br	[1262134029178077186]	1
review_02039	https://piaui.folha.uol.com.br/lupa/2019/02/06/velez-rodriguez-educacao/	uol.com.br	[1092869896940212225]	1
review_04561	https://checamos.afp.com/na-realidade-o-cartaz-que-deputada-estava-segurando-diz-que-todos-devem-ter-dignidade-humana	afp.com	[922541145091166211]	1
review_11296	https://piaui.folha.uol.com.br/lupa/2018/08/20/fgv-dapp-seguranca-eleicoes/	uol.com.br	[1026783442825105408]	1
review_10910	https://aosfatos.org/noticias/site-dissemina-declaracao-falsa-de-alexandre-garcia-sobre-bebianno/	aosfatos.org	[1097305023481028608]	1
review_00839	https://piaui.folha.uol.com.br/lupa/2019/07/08/verificamos-jean-wyllys-intercept/	uol.com.br	[1145380373502803968]	1
review_05369	https://politica.estadao.com.br/blogs/estadao-verifica/piada-sobre-coronavirus-em-prostibulo-se-espalha-e-engana-desavisados/	estadao.com.br	[1233823188137762822]	1
review_05522	https://politica.estadao.com.br/blogs/estadao-verifica/atentado-dilma-michelle-bolsonaro-e-videos-falsos-os-boatos-sobre-brumadinho-desmentidos/	estadao.com.br	[1089527468166402048]	1
review_19330	https://piaui.folha.uol.com.br/lupa/2018/12/04/verificamos-bolsonaro-camisas-futebol/	uol.com.br	[936370725501460480]	1
review_13894	https://politica.estadao.com.br/blogs/estadao-verifica/alianca-entre-fhc-e-mst-e-boato-infundado/	estadao.com.br	[1064517933467148288]	1
review_02287	https://www.boatos.org/entretenimento/bell-marques-fala-coronavirus-rui-costa-politicos-china-carnaval-2020.html	boatos.org	[1258731670347354113]	1
review_15698	https://piaui.folha.uol.com.br/lupa/2019/11/28/verificamos-flamengo-pt/	uol.com.br	[1198622734642798592]	1
review_12061	https://politica.estadao.com.br/blogs/estadao-verifica/e-falsa-a-corrente-que-fala-em-etapa-maxima-de-infeccao-pelo-novo-coronavirus-ate-3-de-abril/	estadao.com.br	[1241331968517844994]	1
review_17739	https://piaui.folha.uol.com.br/lupa/2020/01/17/doria-davos-2019/	uol.com.br	[1088552443133218816]	1
review_08502	https://politica.estadao.com.br/blogs/estadao-verifica/ministro-que-ficou-de-costas-durante-diplomacao-era-admar-gonzaga-e-nao-gilmar-mendes/	estadao.com.br	[1073177669494292485]	1
review_14304	https://politica.estadao.com.br/blogs/estadao-verifica/depoimento-na-policia-federal-nao-liga-jean-wyllys-a-adelio-bispo/	estadao.com.br	[1255195486476283904]	1
review_18705	https://www.aosfatos.org/noticias/o-que-e-fato-no-pronunciamento-de-natal-de-bolsonaro/	aosfatos.org	[1184464193120063489]	1
review_17739	https://piaui.folha.uol.com.br/lupa/2020/01/17/doria-davos-2019/	uol.com.br	[1088559732196102146]	1
review_13211	https://www.aosfatos.org/noticias/gleisi-nao-propos-faixas-com-frase-residencia-livre-de-armas-tweet-e-falso/	aosfatos.org	[1085194350416384000]	1
review_15334	https://www.aosfatos.org/noticias/shoppings-nao-recrutaram-papais-noeis-de-verde-e-amarelo-para-protestar-contra-o-pt/	aosfatos.org	[1061771552931438592]	1
review_16807	https://piaui.folha.uol.com.br/lupa/2019/04/09/tempo-real-chuva-rj-temporal/	uol.com.br	[1115658353529839617]	1
review_18664	https://politica.estadao.com.br/blogs/estadao-verifica/e-falso-que-reporter-da-cnn-tenha-sido-afastado-pela-emissora-apos-critica-a-ministro-do-stf/	estadao.com.br	[1240259668284497920]	1
review_08478	https://observador.pt/factchecks/manuela-davila-a-ex-vice-de-fernando-haddad-fugiu-para-portugal/	observador.pt	[1155433013267914752]	1
review_01267	https://www.aosfatos.org/noticias/patricia-lelis-nao-denunciou-glauber-braga-por-agressao-e-ameaca/	aosfatos.org	[938083836252114946]	1
review_05932	https://piaui.folha.uol.com.br/lupa/2019/02/27/reforma-previdencia-apoiadores-criticos/	uol.com.br	[1098294359039057920]	1
review_00577	https://politica.estadao.com.br/blogs/estadao-verifica/especialistas-em-criptomoedas-apontam-inconsistencias-em-historia-do-pavao-misterioso/	estadao.com.br	[1140698899704897541]	1
review_09460	https://politica.estadao.com.br/blogs/estadao-verifica/george-soros-nao-financiou-movimento-elenao-contra-bolsonaro/	estadao.com.br	[1046424689168576512]	1
review_05492	https://checamos.afp.com/nao-jornalista-miriam-leitao-nao-foi-presa-por-assaltar-um-banco-e-portar-um-revolver	afp.com	[1132343993231192064]	1
review_05768	https://checamos.afp.com/sim-exercito-foi-aclamado-nas-ruas-de-niteroi-na-noite-depois-do-resultado-das-eleicoes	afp.com	[1056691331358212096]	1
review_13302	https://www.aosfatos.org/noticias/e-falso-que-vera-magalhaes-recebe-r-500-mil-mensais-da-tv-cultura/	aosfatos.org	[1227359224012865539]	1
review_00218	https://politica.estadao.com.br/blogs/estadao-verifica/video-que-mostra-onibus-de-salvador-com-adesivos-do-pt-e-verdadeiro/	estadao.com.br	[1055090485281374209]	1
review_03976	https://politica.estadao.com.br/blogs/estadao-verifica/foto-de-kim-kataguiri-com-bone-da-cut-e-de-video-satirico/	estadao.com.br	[1255163450654851074]	1
review_01090	https://www.aosfatos.org/noticias/e-falso-tweet-em-que-sergio-moro-elogia-rodrigo-maia/	aosfatos.org	[1253793469627326464]	1
review_03397	https://piaui.folha.uol.com.br/lupa/2020/08/26/verificamos-leticia-spiller-bolsonaristas-coronavirus/	uol.com.br	[1240310918103400448]	1
review_04244	https://piaui.folha.uol.com.br/lupa/2018/08/23/lula-onu-comite/	uol.com.br	[1009246468321042439]	1
review_18643	https://piaui.folha.uol.com.br/lupa/2019/10/01/verificamos-rodrigo-janot-ministros-stf-presos/	uol.com.br	[1177710048547614720]	1
review_18697	https://piaui.folha.uol.com.br/lupa/2018/11/01/verificamos-sergio-moro-alberto-fraga/	uol.com.br	[1057668726370254848]	1
review_03747	https://www.aosfatos.org/noticias/contra-serie-de-evidencias-joice-diz-no-roda-viva-que-nao-difundiu-noticia-falsa-nas-eleicoes/	aosfatos.org	[1184878856848728069]	1
review_18267	https://politica.estadao.com.br/blogs/estadao-verifica/um-ano-apos-a-morte-de-marielle-franco-boatos-sobre-a-vereadora-persistem/	estadao.com.br	[973568966403731456]	1
review_03747	https://www.aosfatos.org/noticias/contra-serie-de-evidencias-joice-diz-no-roda-viva-que-nao-difundiu-noticia-falsa-nas-eleicoes/	aosfatos.org	[1051511056949026817]	1
review_03105	https://piaui.folha.uol.com.br/lupa/2020/04/14/verificamos-homem-doria-politicos-chines-preso-carga-roubada/	uol.com.br	[1126068077999853568]	1
review_14064	https://politica.estadao.com.br/blogs/estadao-verifica/lewandowski-nunca-fez-parte-do-grupo-mr-8-boato-acusa-ministro-de-ter-sido-terrorista/	estadao.com.br	[743977838114635776]	1
review_00204	https://www.aosfatos.org/noticias/o-que-dizem-os-fatos-e-os-politicos-que-comentaram-condenacao-de-lula/	aosfatos.org	[885210580000309252]	1
review_16807	https://piaui.folha.uol.com.br/lupa/2019/04/09/tempo-real-chuva-rj-temporal/	uol.com.br	[1115646633729982465]	1
review_06252	https://www.boatos.org/politica/deputado-jose-guimaraes-preso-dinheiro-cueca.html	boatos.org	[1179047454869729281]	1
review_14619	https://observador.pt/factchecks/continente-aumentou-em-mais-de-seis-vezes-o-preco-do-alcool/	observador.pt	[1238902942075367432]	1
review_12547	https://politica.estadao.com.br/blogs/estadao-verifica/investigacao-sobre-desaparecimento-de-menino-em-guaratuba-descartou-envolvimento-de-wassef/	estadao.com.br	[1273802639613079554]	1
review_00228	https://www.boatos.org/esporte/sadio-mane-ferraris-avioes-70-euros-senegal.html	boatos.org	[1184871399401447426]	1
review_05493	https://www.aosfatos.org/noticias/nos-eua-bolsonaro-cita-informacoes-falsas-sobre-imigracao-e-antiamericanismo/	aosfatos.org	[1037843057872437249]	1
review_06281	https://piaui.folha.uol.com.br/lupa/2019/04/22/verificamos-menina-cumprimenta-bolsonaro/	uol.com.br	[1119061023078666241]	1
review_12765	https://piaui.folha.uol.com.br/lupa/2019/06/19/transito-temas-bolsonaro/	uol.com.br	[1135978302961795072]	1
review_15197	https://piaui.folha.uol.com.br/lupa/2019/01/28/verificamos-video-globo-brumadinho/	uol.com.br	[1000777974596231168]	1
review_03747	https://www.aosfatos.org/noticias/contra-serie-de-evidencias-joice-diz-no-roda-viva-que-nao-difundiu-noticia-falsa-nas-eleicoes/	aosfatos.org	[1048956092473139207]	1
review_03229	https://piaui.folha.uol.com.br/lupa/2018/10/25/fim-campanha-bolsonaro-haddad/	uol.com.br	[1053295970643890176]	1
review_01764	https://piaui.folha.uol.com.br/lupa/2019/06/14/verificamos-oab-esquerda-reuniao/	uol.com.br	[1138586977660522497]	1
review_03229	https://piaui.folha.uol.com.br/lupa/2018/10/25/fim-campanha-bolsonaro-haddad/	uol.com.br	[1054144067691528192]	1
review_01481	https://checamos.afp.com/estes-bastoes-de-beisebol-sao-itens-de-colecionador-da-serie-walking-dead	afp.com	[1269716366325616640]	1
review_01481	https://checamos.afp.com/estes-bastoes-de-beisebol-sao-itens-de-colecionador-da-serie-walking-dead	afp.com	[1269645550284136450]	1
review_09918	https://piaui.folha.uol.com.br/lupa/2020/06/08/verificamos-haddad-festa-covid/	uol.com.br	[1156661710247403523]	1
review_04738	https://www.boatos.org/politica/alexandre-garcia-escreve-texto-demissao-moro-psdb.html	boatos.org	[1254220787969658881]	1
review_00228	https://www.boatos.org/esporte/sadio-mane-ferraris-avioes-70-euros-senegal.html	boatos.org	[1184871412483477504]	1
review_07082	https://piaui.folha.uol.com.br/lupa/2018/10/02/bolsonaro-entrevistas-hospital/	uol.com.br	[1046790639457890305]	1
review_16807	https://piaui.folha.uol.com.br/lupa/2019/04/09/tempo-real-chuva-rj-temporal/	uol.com.br	[1115587321599078404]	1
review_17994	https://piaui.folha.uol.com.br/lupa/2018/09/12/indiodacosta-rjtv/	uol.com.br	[786293562673684480]	1
review_11296	https://piaui.folha.uol.com.br/lupa/2018/08/20/fgv-dapp-seguranca-eleicoes/	uol.com.br	[1027260698194313217]	1
review_04335	https://politica.estadao.com.br/blogs/estadao-verifica/video-de-grupo-bolsonarista-engana-ao-falar-em-mobilizacao-nacional-para-a-reabertura-do-comercio/	estadao.com.br	[1247601497170415622]	1
review_16807	https://piaui.folha.uol.com.br/lupa/2019/04/09/tempo-real-chuva-rj-temporal/	uol.com.br	[1115639985737207811]	1
review_13458	https://www.boatos.org/saude/pf-encontra-dinheiro-escondido-forro-teto-casa-secretario-saude-paraiba-para-video.html	boatos.org	[1270738192636010496]	1
review_16453	https://piaui.folha.uol.com.br/lupa/2019/05/30/verificamos-bala-de-prata-lula/	uol.com.br	[713152191754805249]	1
review_09659	https://piaui.folha.uol.com.br/lupa/2019/01/29/witzel-homicidios-balanco-twitter/	uol.com.br	[1088770623256625152]	1
review_11133	https://www.aosfatos.org/noticias/defensores-da-intervencao-temer-maia-meirelles-e-moreira-franco-ja-rejeitaram-medida/	aosfatos.org	[801023337489170433]	1
review_19914	https://www.boatos.org/politica/general-heleno-ministro-abandona-governo-bolsonaro-canalha-frouxo.html	boatos.org	[1253477047206383622]	1
review_13405	https://www.aosfatos.org/noticias/o-que-e-fato-e-o-que-nao-e-nas-declaracoes-de-haddad-na-ultima-semana-de-campanha/	aosfatos.org	[978759608096514049]	1
review_00717	https://poligrafo.sapo.pt/fact-check/andre-ventura-catarina-martins-nao-aparece-no-plenario-e-verdade	sapo.pt	[1273718291975069696]	1
review_10974	https://www.aosfatos.org/noticias/homem-em-foto-com-bolsonaro-e-o-deputado-sostenes-nao-militar-flagrado-com-cocaina/	aosfatos.org	[604720240128368641]	1
review_01481	https://checamos.afp.com/estes-bastoes-de-beisebol-sao-itens-de-colecionador-da-serie-walking-dead	afp.com	[1269638542117842944]	1
review_08410	https://piaui.folha.uol.com.br/lupa/2019/04/13/jean-wyllys-bial/	uol.com.br	[1093857337620811778]	1
review_09980	https://www.aosfatos.org/noticias/pt-nao-publicou-foto-do-galo-da-madrugada-como-se-fosse-de-ato-pro-haddad/	aosfatos.org	[1043577022595915777]	1
review_15663	https://www.aosfatos.org/noticias/em-90-minutos-bolsonaro-refuta-ao-menos-cinco-de-suas-declaracoes-sobre-protestos-e-coronavirus/	aosfatos.org	[1238246714261241859]	1
review_13843	https://www.aosfatos.org/noticias/em-davos-bolsonaro-cita-dados-errados-sobre-meio-ambiente-e-governo/	aosfatos.org	[1076890640657666048]	1
review_03229	https://piaui.folha.uol.com.br/lupa/2018/10/25/fim-campanha-bolsonaro-haddad/	uol.com.br	[1054504006310027264]	1
review_09533	https://checamos.afp.com/tuite-em-que-bolsonaro-supostamente-diz-que-governa-para-os-ricos-foi-publicado-por-conta-satirica	afp.com	[1199660102053220352]	1
review_15239	https://piaui.folha.uol.com.br/lupa/2020/03/11/verificamos-fatima-bernardes-suzy/	uol.com.br	[1236778361130758145]	1
review_17962	https://www.aosfatos.org/noticias/o-que-e-fato-nas-declaracoes-de-fernando-haddad-na-ultima-semana/	aosfatos.org	[1052300100435935232]	1
review_11296	https://piaui.folha.uol.com.br/lupa/2018/08/20/fgv-dapp-seguranca-eleicoes/	uol.com.br	[1019919846434275328]	1
review_16199	https://piaui.folha.uol.com.br/lupa/2019/05/30/governador-rj-witzel-policiais/	uol.com.br	[1107721328122052610]	1
review_01035	https://politica.estadao.com.br/blogs/estadao-verifica/boatos-distorcem-conteudo-de-video-para-fazer-falsa-associacao-entre-lindbergh-e-trafico/	estadao.com.br	[1184228301419798531]	1
review_19186	https://www.aosfatos.org/noticias/fato-e-ficcao-nas-declaracoes-de-bolsonaro-na-ultima-semana-de-campanha/	aosfatos.org	[1055045188144521216]	1
review_06619	https://politica.estadao.com.br/blogs/estadao-verifica/video-de-joice-hasselmann-sobre-pacote-com-cabeca-de-porco-e-do-ano-passado-mas-circula-nas-redes-como-se-fosse-atual/	estadao.com.br	[1068574806789025792]	1
review_16997	https://www.aosfatos.org/noticias/o-que-o-planalto-nao-diz-em-sua-nova-peca-publicitaria/	aosfatos.org	[927543860452122626]	1
review_12324	https://www.aosfatos.org/noticias/mourao-diz-que-legalizar-droga-nao-reduz-crime-mas-dados-sao-inconclusivos/	aosfatos.org	[981315174660485122]	1
review_05478	https://checamos.afp.com/questionado-sobre-o-que-faria-se-seus-filhos-namorassem-uma-mulher-negra-bolsonaro-afirmou-que-eles	afp.com	[52596920564191233]	1
review_03105	https://piaui.folha.uol.com.br/lupa/2020/04/14/verificamos-homem-doria-politicos-chines-preso-carga-roubada/	uol.com.br	[1134145939151740929]	1
review_13080	https://checamos.afp.com/trata-se-de-uma-montagem-na-capa-original-veja-intitulou-brasilia-e-cheia-de-intrigas	afp.com	[1180059990058360832]	1
review_15263	https://piaui.folha.uol.com.br/lupa/2019/10/11/verificamos-bolsonaro-povo-soberano/	uol.com.br	[603664519483785216]	1
review_05932	https://piaui.folha.uol.com.br/lupa/2019/02/27/reforma-previdencia-apoiadores-criticos/	uol.com.br	[1098618007075647489]	1
review_07711	https://checamos.afp.com/nao-loja-que-vendeu-camisa-satirizando-o-presidente-jair-bolsonaro-nao-e-de-luciano-huck	afp.com	[1012734745954914305]	1
review_10974	https://www.aosfatos.org/noticias/homem-em-foto-com-bolsonaro-e-o-deputado-sostenes-nao-militar-flagrado-com-cocaina/	aosfatos.org	[1144614610441572353]	1
review_15263	https://piaui.folha.uol.com.br/lupa/2019/10/11/verificamos-bolsonaro-povo-soberano/	uol.com.br	[642041269338963968]	1
review_05408	https://aosfatos.org/noticias/o-que-os-politicos-disseram-sobre-reforma-da-previdencia-e-o-que-nao-e-verdade/	aosfatos.org	[1098378874046607360]	1
review_15263	https://piaui.folha.uol.com.br/lupa/2019/10/11/verificamos-bolsonaro-povo-soberano/	uol.com.br	[625803827267153920]	1
review_19914	https://www.boatos.org/politica/general-heleno-ministro-abandona-governo-bolsonaro-canalha-frouxo.html	boatos.org	[1253024914677927936]	1
review_08491	https://www.boatos.org/entretenimento/filha-aldir-blanc-grava-video-alertando-coronavirus.html	boatos.org	[1270800352875622406]	1
review_02530	https://www.aosfatos.org/noticias/memoria-curta-ou-mentira-candidatos-falseiam-fatos-recentes-de-suas-carreiras-politicas/	aosfatos.org	[788829243660701696]	1
review_19007	https://piaui.folha.uol.com.br/lupa/2020/06/09/verificamos-video-baile-decisao-stf/	uol.com.br	[1169318930156007425]	1
review_00258	https://www.aosfatos.org/noticias/o-que-e-fato-nas-declaracoes-de-haddad-na-primeira-semana-apos-o-primeiro-turno/	aosfatos.org	[1050104643093716992]	1
review_18009	https://poligrafo.sapo.pt/fact-check/mamadou-ba-vai-criar-partido-de-defesa-dos-africanos-com-o-apoio-de-joacine-k-moreira	sapo.pt	[1199098940215451653]	1
review_02193	https://checamos.afp.com/video-em-que-eleitor-nao-consegue-votar-em-bolsonaro-e-enganoso	afp.com	[1056588906798419968]	1
review_03105	https://piaui.folha.uol.com.br/lupa/2020/04/14/verificamos-homem-doria-politicos-chines-preso-carga-roubada/	uol.com.br	[1132002388376788995]	1
review_02594	https://checamos.afp.com/nao-david-miranda-nao-e-acusado-de-terrorismo-pelo-reino-unido	afp.com	[1088518648283783175]	1
review_03587	https://www.aosfatos.org/noticias/morte-de-bombeiro-durante-resgate-em-brumadinho-e-noticia-falsa/	aosfatos.org	[1092573577055006720]	1
review_09350	https://piaui.folha.uol.com.br/lupa/2019/10/05/doria-central-globonews/	uol.com.br	[1168866707349364736]	1
review_07111	https://checamos.afp.com/os-incendios-australianos-afetaram-milhoes-de-animais-mas-essas-imagens-nao-tem-relacao-com-tragedia	afp.com	[1218132453287780353]	1
review_09533	https://checamos.afp.com/tuite-em-que-bolsonaro-supostamente-diz-que-governa-para-os-ricos-foi-publicado-por-conta-satirica	afp.com	[1199697700796665857]	1
review_01481	https://checamos.afp.com/estes-bastoes-de-beisebol-sao-itens-de-colecionador-da-serie-walking-dead	afp.com	[1269708550332395526]	1
review_09980	https://www.aosfatos.org/noticias/pt-nao-publicou-foto-do-galo-da-madrugada-como-se-fosse-de-ato-pro-haddad/	aosfatos.org	[1043586814500634624]	1
review_17739	https://piaui.folha.uol.com.br/lupa/2020/01/17/doria-davos-2019/	uol.com.br	[1088496135675805698]	1
review_08324	https://www.aosfatos.org/noticias/o-que-marina-acertou-e-errou-no-jornal-nacional-e-na-globonews/	aosfatos.org	[1027766003290255361]	1
review_19186	https://www.aosfatos.org/noticias/fato-e-ficcao-nas-declaracoes-de-bolsonaro-na-ultima-semana-de-campanha/	aosfatos.org	[1055384039190921216]	1
review_03747	https://www.aosfatos.org/noticias/contra-serie-de-evidencias-joice-diz-no-roda-viva-que-nao-difundiu-noticia-falsa-nas-eleicoes/	aosfatos.org	[1051508599825080322]	1
review_10609	https://politica.estadao.com.br/blogs/estadao-verifica/lula-nao-pediu-ao-stf-para-passar-lua-de-mel-em-dubai/	estadao.com.br	[1274109326790135808]	1
review_04335	https://politica.estadao.com.br/blogs/estadao-verifica/video-de-grupo-bolsonarista-engana-ao-falar-em-mobilizacao-nacional-para-a-reabertura-do-comercio/	estadao.com.br	[1247491948761489410]	1
review_00228	https://www.boatos.org/esporte/sadio-mane-ferraris-avioes-70-euros-senegal.html	boatos.org	[1184871407068553216]	1
review_08653	https://www.boatos.org/politica/ministro-educacao-abraham-weintraub-pede-criancas-voltem-aulas.html	boatos.org	[1242871466594623490]	1
review_08324	https://www.aosfatos.org/noticias/o-que-marina-acertou-e-errou-no-jornal-nacional-e-na-globonews/	aosfatos.org	[879674856094216193]	1
review_19763	https://piaui.folha.uol.com.br/lupa/2018/08/30/marina-silva-tv-globo/	uol.com.br	[1024495869301870592]	1
review_16505	https://www.boatos.org/politica/guilherme-boulos-diz-pt-e-o-partido-da-corrupcao.html	boatos.org	[1233192219907153920]	1
review_13302	https://www.aosfatos.org/noticias/e-falso-que-vera-magalhaes-recebe-r-500-mil-mensais-da-tv-cultura/	aosfatos.org	[1239337852388982784]	1
review_05492	https://checamos.afp.com/nao-jornalista-miriam-leitao-nao-foi-presa-por-assaltar-um-banco-e-portar-um-revolver	afp.com	[1130629833086648321]	1
review_00258	https://www.aosfatos.org/noticias/o-que-e-fato-nas-declaracoes-de-haddad-na-primeira-semana-apos-o-primeiro-turno/	aosfatos.org	[1050018474184114176]	1
review_12765	https://piaui.folha.uol.com.br/lupa/2019/06/19/transito-temas-bolsonaro/	uol.com.br	[1136363369747890176]	1
review_06832	https://piaui.folha.uol.com.br/lupa/2018/08/15/manuela-vice-erros/	uol.com.br	[1026855176311689216]	1
review_17509	https://piaui.folha.uol.com.br/lupa/2017/03/08/violencia-contra-a-mulher-2/	uol.com.br	[736207678331092992]	1
review_08324	https://www.aosfatos.org/noticias/o-que-marina-acertou-e-errou-no-jornal-nacional-e-na-globonews/	aosfatos.org	[896003312348262401]	1
review_16942	https://piaui.folha.uol.com.br/lupa/2020/03/30/verificamos-caiado-manifestantes-coronavirus/	uol.com.br	[1244409780963348480]	1
review_07349	https://checamos.afp.com/uma-foto-falsa-sobre-os-bolsonaro-difundida-por-seus-partidarios	afp.com	[1080921900514127872]	1
review_13835	https://piaui.folha.uol.com.br/lupa/2018/09/29/debate-record-sp-1-turno/	uol.com.br	[1013503253701509121]	1
review_04767	https://piaui.folha.uol.com.br/lupa/2019/03/15/verificamos-padre-armas/	uol.com.br	[1106573593209700358]	-1
review_04261	https://piaui.folha.uol.com.br/lupa/2020/06/10/verificamos-camara-mascara-casa/	uol.com.br	[1270765111020531718]	-1
review_12831	https://checamos.afp.com/imagem-de-aglomeracao-na-praia-de-ipanema-foi-registrada-no-ultimo-domingo-30-de-agosto	afp.com	[1300468919212400640]	-1
review_13367	https://oglobo.globo.com/fato-ou-fake/e-fake-que-foto-de-praia-lotada-no-rio-publicada-em-jornal-antiga-foi-retirada-de-arquivo-24618440	globo.com	[1300468919212400640]	-1
review_17973	https://checamos.afp.com/nao-homens-que-aparecem-nesta-foto-com-jair-bolsonaro-nao-sao-os-acusados-de-envolvimento-no	afp.com	[1105469782978117633]	-1
review_17040	https://politica.estadao.com.br/blogs/estadao-verifica/boato-falso-diz-que-projeto-de-lei-na-camara-quer-legalizar-o-incesto/	estadao.com.br	[1164164351374319617]	-1
review_14025	https://www.bol.uol.com.br/noticias/2020/03/30/mensagem-falsa-auxilio-emergencial.htm	uol.com.br	[1245523249670340616]	-1
review_01029	https://www.aosfatos.org/noticias/homem-em-foto-com-flavio-bolsonaro-e-assessor-do-senador-nao-acusado-de-matar-marielle/	aosfatos.org	[1105469782978117633]	-1
review_05271	https://www.aosfatos.org/noticias/projeto-aprovado-pela-camara-nao-obriga-usar-mascara-dentro-de-casa/	aosfatos.org	[1270765111020531718]	-1
review_09313	https://www.bol.uol.com.br/noticias/2019/04/19/e-mentira-que-governo-queira-ampliar-tempo-de-renovacao-da-cnh-para-20-anos.htm	uol.com.br	[1115949197092696066]	-1
review_03614	https://checamos.afp.com/nao-este-video-das-cataratas-do-iguacu-nao-foi-feito-em-maio-de-2019	afp.com	[1135983518239088642]	-1
review_12471	https://g1.globo.com/fato-ou-fake/noticia/2018/09/20/e-fake-audio-que-mostra-bolsonaro-gritando-em-hospital.ghtml	globo.com	[1042751985718579200]	-1
review_07053	https://politica.estadao.com.br/blogs/estadao-verifica/e-falso-que-a-covid-19-seja-uma-trombose-causada-por-bacteria/	estadao.com.br	[1293599875494563846]	-1
review_18179	https://www.aosfatos.org/noticias/e-falso-que-joao-doria-tomou-vacina-contra-covid-19/	aosfatos.org	[1293599875494563846]	-1
review_08870	https://piaui.folha.uol.com.br/lupa/2020/03/19/verificamos-vacina-coronavirus-cachorro/	uol.com.br	[1242108317121511425]	-1
review_08698	https://poligrafo.sapo.pt/fact-check/doente-com-cancro-e-muito-caro-e-vou-acabar-com-essa-farra-jair-bolsonaro-afirmou-o	sapo.pt	[1042751985718579200]	-1
review_03979	https://www.aosfatos.org/noticias/diretor-da-oea-nao-identificou-fraude-nas-urnas-eletronicas-capas-de-revistas-sao-falsas/	aosfatos.org	[1045020698601771008]	-1
review_06389	https://piaui.folha.uol.com.br/lupa/2018/09/29/verificamos-capas-revistas-oea-icaza/	uol.com.br	[1045020698601771008]	-1
review_15868	https://www.bol.uol.com.br/noticias/2020/06/25/e-falso-que-a-covid-19-seja-uma-trombose-causada-por-bacteria.htm	uol.com.br	[1293599875494563846]	-1
review_19985	https://www.bol.uol.com.br/noticias/2019/02/11/pt-bolsonaro-combate-seca-nordeste.htm	uol.com.br	[1055835274654179328]	-1
review_02581	https://www.aosfatos.org/noticias/nao-e-verdade-que-fhc-declarou-apoio-fernando-haddad/	aosfatos.org	[1055835274654179328]	-1
review_14183	https://piaui.folha.uol.com.br/lupa/2020/09/01/verificamos-covid-certificado-vacinacao/	uol.com.br	[1242108317121511425]	-1
review_12058	https://g1.globo.com/fato-ou-fake/noticia/2018/10/06/e-fake-que-joao-amoedo-desistiu-de-candidatura-a-presidencia-e-recomenda-voto-em-bolsonaro.ghtml	globo.com	[1055835274654179328]	-1
review_18345	https://apublica.org/2017/06/truco-pec-contra-aborto-usa-argumento-cientifico-falso/	apublica.org	[1164164351374319617]	-1
review_05688	https://projetocomprova.com.br/publica%C3%A7%C3%B5es/projeto-de-lei-nao-pretende-legalizar-o-incesto-mas-ampliar-o-reconhecimento-de-familias-pelo-estado/	projetocomprova.com.br	[1164164351374319617]	-1
review_12831	https://checamos.afp.com/imagem-de-aglomeracao-na-praia-de-ipanema-foi-registrada-no-ultimo-domingo-30-de-agosto	afp.com	[1300460346981986304]	-1
review_05085	https://www.aosfatos.org/noticias/foto-de-suspeito-da-morte-de-marielle-usando-camisa-de-lula-e-montagem/	aosfatos.org	[1105469782978117633]	-1
review_12141	https://poligrafo.sapo.pt/fact-check/denzel-washington-explode-chamou-os-democratas-de-mentirosos-e-abandonou-o-partido-verdadeiro-ou-falso	sapo.pt	[1055835274654179328]	-1
review_10322	https://poligrafo.sapo.pt/fact-check/marielle-franco-tirou-fotografia-abracada-a-um-dos-seus-assassinos	sapo.pt	[1105469782978117633]	-1
review_12218	https://www.bol.uol.com.br/noticias/2019/08/23/projeto-de-lei-nao-pretende-legalizar-incesto.htm	uol.com.br	[1164164351374319617]	-1
review_12471	https://g1.globo.com/fato-ou-fake/noticia/2018/09/20/e-fake-audio-que-mostra-bolsonaro-gritando-em-hospital.ghtml	globo.com	[1042436525626150912]	-1
review_00299	https://poligrafo.sapo.pt/fact-check/vacina-contra-a-gripe-aumenta-risco-de-apanhar-covid-19	sapo.pt	[1242108317121511425]	-1
review_10696	https://piaui.folha.uol.com.br/lupa/2019/01/18/verificamos-carlos-bolsonaro-12-anos/	uol.com.br	[1042751985718579200]	-1
review_12558	https://www.aosfatos.org/noticias/homem-em-foto-com-jair-e-flavio-bolsonaro-e-ator-de-tropa-de-elite-nao-miliciano-foragido/	aosfatos.org	[1088921250758647809]	-1
review_02847	https://www.aosfatos.org/noticias/e-falso-que-validade-da-carteira-de-motorista-passou-de-cinco-para-dez-anos/	aosfatos.org	[1115949197092696066]	-1
review_09004	https://piaui.folha.uol.com.br/lupa/2019/06/14/verificamos-paulo-guedes-twitter-greenwald/	uol.com.br	[1139272965370109952]	-1
review_11003	https://piaui.folha.uol.com.br/lupa/2020/04/27/verificamos-lula-moro/	uol.com.br	[1239925975795843072]	-1
review_09906	https://g1.globo.com/fato-ou-fake/noticia/2018/09/30/e-fake-mensagem-que-diz-que-protesto-nao-aconteceu-no-rio-porque-mostra-predio-desabado.ghtml	globo.com	[1046142513499840513]	-1
review_06844	https://piaui.folha.uol.com.br/lupa/2019/04/17/verificamos-bolsonaro-museu-nacional-notre-dame/	uol.com.br	[1117889888110518272]	-1
review_08387	https://observador.pt/factchecks/fact-check-italia-descobriu-que-afinal-as-mortes-por-covid-19-sao-causadas-por-uma-bacteria/	observador.pt	[1242108317121511425]	-1
review_03367	https://politica.estadao.com.br/blogs/estadao-verifica/tuite-de-haddad-sobre-bolsa-familia-viraliza-fora-de-contexto/	estadao.com.br	[1116352834080002049]	-1
review_12442	https://politica.estadao.com.br/blogs/estadao-verifica/mentira-no-whatsapp-inventa-bolsa-usuario-para-dependentes-quimicos/	estadao.com.br	[1245523249670340616]	-1
review_16123	https://piaui.folha.uol.com.br/lupa/2019/03/12/verificamos-foto-bolsonaro-marielle/	uol.com.br	[1105469782978117633]	-1
review_11482	https://poligrafo.sapo.pt/fact-check/coronavirus-os-infetados-assintomaticos-afinal-nao-contagiam-outras-pessoas	sapo.pt	[1273367228990316545]	-1
review_08707	https://piaui.folha.uol.com.br/lupa/2020/08/31/verificamos-foto-aglomeracao-ipanema/	uol.com.br	[1300468919212400640]	-1
review_19430	https://www.aosfatos.org/noticias/nao-e-verdade-que-covid-19-pode-ser-tratada-com-antibioticos/	aosfatos.org	[1242108317121511425]	-1
review_07092	https://www.aosfatos.org/noticias/padre-marcelo-rossi-nao-declarou-apoio-bolsonaro-audio-e-falso/	aosfatos.org	[1239925975795843072]	-1
review_09504	https://poligrafo.sapo.pt/fact-check/bolsonaro-expressou-solidariedade-a-todos-os-ingleses-apos-incendio-na-catedral-de-notre-dame-em-paris	sapo.pt	[1117889888110518272]	-1
review_06335	https://politica.estadao.com.br/blogs/estadao-verifica/barroso-desmente-boato-de-que-teria-apoiado-manifestacoes-pro-bolsonaro-nao-falo-sobre-varejo-politico/	estadao.com.br	[1239925975795843072]	-1
review_15982	https://piaui.folha.uol.com.br/lupa/2020/03/16/verificamos-prender-respiracao-10-segundos-novo-coronavirus/	uol.com.br	[1273367228990316545]	-1
review_03771	https://piaui.folha.uol.com.br/lupa/2020/05/25/verificamos-bar-brahma-covid/	uol.com.br	[1255599453966422017]	-1
review_13367	https://oglobo.globo.com/fato-ou-fake/e-fake-que-foto-de-praia-lotada-no-rio-publicada-em-jornal-antiga-foi-retirada-de-arquivo-24618440	globo.com	[1300460346981986304]	-1
review_07081	https://noticias.uol.com.br/comprova/ultimas-noticias/2018/10/11/homem-que-ofende-nordestinos-em-video-nao-e-filho-de-bolsonaro.htm	uol.com.br	[1254089851584069632]	-1
review_08298	https://piaui.folha.uol.com.br/lupa/2019/05/28/verificamos-homem-nu-feministas/	uol.com.br	[1046142513499840513]	-1
review_00980	https://www.aosfatos.org/noticias/hospital-de-campanha-do-pacaembu-nao-esta-vazio-nem-faz-triagens/	aosfatos.org	[1255599453966422017]	-1
review_18684	https://checamos.afp.com/nao-bolsonaro-nao-se-solidarizou-com-os-ingleses-pelo-incendio-na-catedral-de-notre-dame	afp.com	[1117889888110518272]	-1
review_04209	https://politica.estadao.com.br/blogs/estadao-verifica/perfis-bolsonaristas-distorcem-acao-de-combate-ao-coronavirus-no-para/	estadao.com.br	[1248997179139788800]	-1
review_18968	https://piaui.folha.uol.com.br/lupa/2018/10/12/verificamos-marcio-franca-haddad/	uol.com.br	[1049398548977111041]	-1
review_08093	https://piaui.folha.uol.com.br/lupa/2020/03/04/verificamos-padre-sao-jose-dos-campos-manifestacoes-15-de-marco/	uol.com.br	[1239925975795843072]	-1
review_02860	https://politica.estadao.com.br/blogs/estadao-verifica/reunioes-com-partidos-fazem-parte-das-atribuicoes-da-missao-de-observacao-da-oea/	estadao.com.br	[1045020698601771008]	-1
review_05765	https://politica.estadao.com.br/blogs/estadao-verifica/mentiras-contadas-por-politicos-sao-mais-graves-que-fake-news-diz-pesquisador-americano/	estadao.com.br	[1045020698601771008]	-1
review_15459	https://noticias.uol.com.br/comprova/ultimas-noticias/2018/09/28/afirmacao-de-que-haddad-quer-forcar-igrejas-a-casar-homossexuais-e-falsa.htm	uol.com.br	[1049398548977111041]	-1
review_04519	https://piaui.folha.uol.com.br/lupa/2020/04/22/verificamos-governador-do-rs-turismo-coronavirus/	uol.com.br	[1252967362044866560]	-1
review_04848	https://piaui.folha.uol.com.br/lupa/2018/10/03/verificamos-datena-bolsonaro/	uol.com.br	[1088921250758647809]	-1
review_00879	https://poligrafo.sapo.pt/fact-check/lider-do-pnr-anunciou-que-nao-e-gay-e-nunca-o-foi-de-forma-consistente	sapo.pt	[1256721092581916673]	-1
review_08432	https://checamos.afp.com/nao-tres-principais-rosaceas-de-notre-dame-nao-foram-destruidas-no-incendio	afp.com	[1117889888110518272]	-1
review_03290	https://g1.globo.com/fato-ou-fake/noticia/2018/10/05/e-fake-imagem-que-mostra-flavio-bolsonaro-com-camiseta-com-ofensas-a-nordestinos.ghtml	globo.com	[1104892573578072064]	-1
review_07828	https://politica.estadao.com.br/blogs/estadao-verifica/prefeitura-de-sp-esclarece-que-numero-156-nao-agenda-teste-de-coronavirus-em-casa/	estadao.com.br	[1243752431915335680]	-1
review_13677	https://g1.globo.com/fato-ou-fake/noticia/2018/10/18/e-fake-que-audio-revela-haddad-e-manuela-tramando-contra-exercito-e-bolsonaro.ghtml	globo.com	[1049398548977111041]	-1
review_05188	https://piaui.folha.uol.com.br/lupa/2020/08/26/verificamos-epi-mulher-covid/	uol.com.br	[1243752431915335680]	-1
review_17388	https://piaui.folha.uol.com.br/lupa/2020/03/24/verificamos-copacabana-quarentena-coronavirus/	uol.com.br	[1300460346981986304]	-1
review_19702	https://www.aosfatos.org/noticias/nao-e-verdade-que-pf-descobriu-que-bolsonaro-venceu-eleicoes-de-2018-no-primeiro-turno/	aosfatos.org	[1045020698601771008]	-1
review_11194	https://politica.estadao.com.br/blogs/estadao-verifica/foto-de-galpao-com-remedios-e-tirada-de-contexto-para-criticar-combate-a-covid-19-no-para/	estadao.com.br	[1247550844058337281]	-1
review_14609	https://www.aosfatos.org/noticias/e-falso-que-camara-liberou-aborto-ate-22-semanas-durante-pandemia/	aosfatos.org	[1270765111020531718]	-1
review_01533	https://www.aosfatos.org/noticias/video-da-oposicao-traz-informacoes-falsas-sobre-reforma-da-previdencia/	aosfatos.org	[1098248521386475520]	-1
review_01017	https://noticias.uol.com.br/comprova/ultimas-noticias/2018/09/14/padre-marcelo-rossi-desmente-apoio-a-bolsonaro-e-nega-ter-gravado-audio.htm	uol.com.br	[1088921250758647809]	-1
review_16499	https://oglobo.globo.com/fato-ou-fake/e-fake-que-video-mostre-show-de-fogos-de-artificio-das-olimpiadas-de-toquio-24605772	globo.com	[1135983518239088642]	-1
review_04026	https://www.aosfatos.org/noticias/e-falso-que-paulo-guedes-tuitou-critica-ao-congresso-nacional/	aosfatos.org	[1139272965370109952]	-1
review_00667	https://www.aosfatos.org/noticias/flavio-bolsonaro-nao-usou-camiseta-com-frases-contra-nordestinos-imagem-e-falsa/	aosfatos.org	[1104892573578072064]	-1
review_02372	https://piaui.folha.uol.com.br/lupa/2018/10/27/verificamos-fhc-nao-declarou-apoio-fernando-haddad-no-2o-turno/	uol.com.br	[1049398548977111041]	-1
review_05919	https://checamos.afp.com/nao-isto-nao-e-um-audio-vazado-em-que-haddad-e-manuela-tramam-contra-o-exercito	afp.com	[1049398548977111041]	-1
review_07546	https://piaui.folha.uol.com.br/lupa/2018/06/26/seguranca-correio-braziliense/	uol.com.br	[1128000810657427456]	-1
review_06243	https://www.aosfatos.org/noticias/video-e-fotos-mostram-hortifruti-alagado-em-rio-das-pedras-nao-ceasa-rj/	aosfatos.org	[1135983518239088642]	-1
review_01029	https://www.aosfatos.org/noticias/homem-em-foto-com-flavio-bolsonaro-e-assessor-do-senador-nao-acusado-de-matar-marielle/	aosfatos.org	[1105554128615415809]	-1
review_01958	https://checamos.afp.com/nao-este-tuite-nao-e-de-carlos-bolsonaro	afp.com	[1104892573578072064]	-1
review_10049	https://poligrafo.sapo.pt/fact-check/joacine-k-moreira-vai-formar-lista-apenas-de-africanos-para-tomar-o-livre-por-dentro	sapo.pt	[1256721092581916673]	-1
review_07372	https://politica.estadao.com.br/blogs/estadao-verifica/boato-usa-fotos-antigas-para-alertar-sobre-chegada-de-nuvem-de-poeira-godzilla/	estadao.com.br	[1214187981671718914]	-1
review_14678	https://politica.estadao.com.br/blogs/estadao-verifica/apos-chamar-moro-de-ladrao-deputado-do-psol-e-alvo-de-boatos-enganosos/	estadao.com.br	[1045358429047590913]	-1
review_13920	https://poligrafo.sapo.pt/fact-check/rui-tavares-foi-escolhido-para-dar-aulas-de-historia-e-geografia-na-telescola-da-rtp	sapo.pt	[1257231329625804800]	-1
review_15909	https://g1.globo.com/fato-ou-fake/noticia/2018/12/10/e-fake-que-video-com-desfile-de-militares-e-ensaio-para-posse-de-bolsonaro.ghtml	globo.com	[1046142513499840513]	-1
review_14909	https://politica.estadao.com.br/blogs/estadao-verifica/conta-falsa-em-rede-social-usa-nome-de-paulo-guedes-para-criticar-vazamento-de-conversas-da-lava-jato/	estadao.com.br	[1139272965370109952]	-1
review_15802	https://piaui.folha.uol.com.br/lupa/2019/03/21/verificamos-bolsonaro-ronnie-lessa/	uol.com.br	[1104892573578072064]	-1
review_16356	https://piaui.folha.uol.com.br/lupa/2019/06/25/verificamos-tuite-paulo-falso/	uol.com.br	[1139272965370109952]	-1
review_10040	https://poligrafo.sapo.pt/fact-check/a-hidroxicloroquina-e-um-farmaco-milagroso-no-tratamento-da-covid-19	sapo.pt	[1247550844058337281]	-1
review_08932	https://www.aosfatos.org/noticias/nao-e-verdade-que-stf-afastou-bolsonaro-de-acoes-para-o-controle-da-pandemia/	aosfatos.org	[1274096953450790914]	-1
review_05606	https://poligrafo.sapo.pt/fact-check/e-possivel-pedir-a-restituicao-de-donativos-aos-pais-da-bebe-matilde	sapo.pt	[1076137245873225728]	-1
review_12505	https://g1.globo.com/fato-ou-fake/noticia/2018/10/07/e-fake-que-trump-fez-post-no-twitter-em-favor-de-jair-bolsonaro.ghtml	globo.com	[1046142513499840513]	-1
review_10830	https://piaui.folha.uol.com.br/lupa/2020/07/01/verificamos-stf-bolsonaro-covid/	uol.com.br	[1274096953450790914]	-1
review_09919	https://g1.globo.com/fato-ou-fake/noticia/2018/10/06/e-fake-que-candidato-a-vice-de-bolsonaro-propos-confisco-da-poupanca.ghtml	globo.com	[1045358429047590913]	-1
review_11116	https://politica.estadao.com.br/blogs/estadao-verifica/stf-nao-barrou-atendimento-a-pacientes-com-covid-19-em-hospitais-militares/	estadao.com.br	[1274096953450790914]	-1
review_01029	https://www.aosfatos.org/noticias/homem-em-foto-com-flavio-bolsonaro-e-assessor-do-senador-nao-acusado-de-matar-marielle/	aosfatos.org	[1105473351244488704]	-1
review_15109	https://oglobo.globo.com/fato-ou-fake/e-fake-que-pesquisa-revelou-que-so-6-das-mortes-atribuidas-covid-19-nos-estados-unidos-foram-mesmo-causadas-pelo-coronavirus-24620703	globo.com	[1128000810657427456]	-1
review_02346	https://observador.pt/factchecks/morador-utiliza-drone-com-bombas-para-atacar-os-vizinhos/	observador.pt	[1150852667301912578]	-1
review_13411	https://g1.globo.com/fato-ou-fake/noticia/2018/10/18/e-fake-que-haddad-disse-neste-2o-turno-que-crise-so-acaba-com-lula-na-presidencia.ghtml	globo.com	[1026444596186959872]	-1
review_00472	https://piaui.folha.uol.com.br/lupa/2020/07/08/verificamos-detentos-soltos-coronavirus/	uol.com.br	[1128000810657427456]	-1
review_10706	https://www.bol.uol.com.br/noticias/2020/07/08/ao-falar-de-covid-19-bolsonaro-volta-a-usar-dados-sem-comprovacao.htm	uol.com.br	[1274096953450790914]	-1
review_07425	https://www.bol.uol.com.br/noticias/2020/05/12/numero-de-obitos-no-brasil-nao-caiu-15-mil-em-abril-houve-aumento-de-2.htm	uol.com.br	[1128000810657427456]	-1
review_09594	https://noticias.uol.com.br/confere/ultimas-noticias/2020/05/12/numero-de-obitos-no-brasil-nao-caiu-15-mil-em-abril-houve-aumento-de-2.htm	uol.com.br	[1128000810657427456]	-1
review_05705	https://piaui.folha.uol.com.br/lupa/2020/04/06/verificamos-maia-fundo-eleitoral-coronavirus/	uol.com.br	[1247215843039215616]	-1
review_10677	https://piaui.folha.uol.com.br/lupa/2020/03/20/verificamos-maju-coutinho-coronavirus/	uol.com.br	[1252967362044866560]	-1
review_13117	https://www.boatos.org/saude/brasil-maior-numero-recuperados-covid-19-cloroquina.html	boatos.org	[1240286560953815040]	-1
review_15008	https://piaui.folha.uol.com.br/lupa/2019/08/15/verificamos-mp-domingos/	uol.com.br	[1045358429047590913]	-1
review_11419	https://www.boatos.org/brasil/tubarao-praia-reserva-rio-de-janeiro-atacou-homem-fotos.html	boatos.org	[1300468919212400640]	-1
review_06585	https://piaui.folha.uol.com.br/lupa/2018/12/20/verificamos-marco-aurelio-mello-fidel/	uol.com.br	[1016177683909304323]	-1
review_01131	https://www.aosfatos.org/noticias/diretor-da-oms-nao-afirmou-que-quarentena-agrava-pandemia/	aosfatos.org	[1241022265216716800]	-1
review_02352	https://piaui.folha.uol.com.br/lupa/2020/01/02/verificamos-bolsonaro-ponte-ferroviaria-nordeste-11-meses/	uol.com.br	[1149850274619678721]	-1
review_01576	https://poligrafo.sapo.pt/fact-check/bolsonaro-a-hidroxicloroquina-esta-a-funcionar-ha-evidencias-cientificas-que-sustentem-a-eficacia-do-medicamento	sapo.pt	[1247550844058337281]	-1
review_08843	https://poligrafo.sapo.pt/fact-check/os-medicamentos-ivermectina-e-azitromicina-sao-eficazes-no-tratamento-da-covid-19	sapo.pt	[1247550844058337281]	-1
review_09898	https://poligrafo.sapo.pt/fact-check/deputada-brasileira-usou-imagem-de-personagem-da-serie-a-guerra-dos-tronos-julgando-ser-de-marielle-franco	sapo.pt	[1105554128615415809]	-1
review_15777	https://noticias.uol.com.br/confere/ultimas-noticias/2018/07/19/prf-nao-usa-drone-para-multar-quem-usa-celular-mas-fiscaliza-ultrapassagem.htm	uol.com.br	[1292904281205616650]	-1
review_06623	https://piaui.folha.uol.com.br/lupa/2019/07/11/verificamos-abono-pis/	uol.com.br	[1099022532802420736]	-1
review_17943	https://noticias.uol.com.br/confere/ultimas-noticias/2018/07/02/lulu-santos-repudia-carta-atribuida-a-ele-que-prega-reforma-na-politica.htm	uol.com.br	[1256721092581916673]	-1
review_04515	https://www.aosfatos.org/noticias/e-falso-que-ponte-foi-construida-em-11-meses-pelo-governo-bolsonaro/	aosfatos.org	[1149850274619678721]	-1
review_05399	https://aosfatos.org/noticias/e-falso-que-video-mostra-operacao-do-exercito-para-prender-imigrantes-ilegais/	aosfatos.org	[1164802352131371008]	-1
review_08086	https://g1.globo.com/fato-ou-fake/noticia/2018/10/25/e-fake-que-simulacao-de-sexo-em-teatro-seja-no-brasil-e-tenha-relacao-com-haddad.ghtml	globo.com	[1084261085195235328]	-1
review_13094	https://g1.globo.com/fato-ou-fake/noticia/2018/10/09/e-fake-que-haddad-disse-apos-1o-turno-que-vai-fazer-lula-ser-presidente-do-brasil.ghtml	globo.com	[1026444596186959872]	-1
review_02593	https://checamos.afp.com/na-verdade-o-deputado-glauber-braga-quer-que-apenas-os-presos-que-trabalham-sejam-amparados-pela-clt	afp.com	[1045358429047590913]	-1
review_04678	https://www.aosfatos.org/noticias/video-que-mostra-policiais-sendo-agredidos-nao-foi-gravado-em-paraisopolis/	aosfatos.org	[1240975408050438145]	-1
review_04982	https://poligrafo.sapo.pt/fact-check/e-obrigatorio-ter-uma-declaracao-que-ateste-estar-a-trabalhar-para-poder-sair-a-rua	sapo.pt	[1248997179139788800]	-1
review_07583	https://poligrafo.sapo.pt/fact-check/militantes-da-esquerda-no-brasil-estao-a-destruir-estradas-para-prejudicar-o-governo-de-bolsonaro	sapo.pt	[1157842285939310592]	-1
review_14230	https://observador.pt/factchecks/fact-check-fotografia-mostra-fila-para-o-algarve-em-junho-de-2020/	observador.pt	[1154757995877797895]	-1
review_17040	https://politica.estadao.com.br/blogs/estadao-verifica/boato-falso-diz-que-projeto-de-lei-na-camara-quer-legalizar-o-incesto/	estadao.com.br	[1270765111020531718]	-1
review_13422	https://poligrafo.sapo.pt/fact-check/china-sugeriu-ao-brasil-a-aplicacao-da-pena-de-morte	sapo.pt	[1098248521386475520]	-1
review_19477	https://piaui.folha.uol.com.br/lupa/2019/05/10/verificamos-marielle-got/	uol.com.br	[1105554128615415809]	-1
review_10831	https://poligrafo.sapo.pt/fact-check/miguel-esteves-cardoso-disse-ou-escreveu-frase-homofobica-contra-orgulho-gay-que-circula-nas-redes-sociais	sapo.pt	[1256721092581916673]	-1
review_09270	https://poligrafo.sapo.pt/fact-check/coronavirus-mariana-mortagua-defende-nacionalizacao-de-hospitais-privados-para-tratar-reclusos	sapo.pt	[1164933308163268608]	-1
review_11486	https://politica.estadao.com.br/blogs/estadao-verifica/homem-e-confundido-com-suspeito-de-matar-marielle-em-foto-com-bolsonaro-e-filho/	estadao.com.br	[1105554128615415809]	-1
review_12141	https://poligrafo.sapo.pt/fact-check/denzel-washington-explode-chamou-os-democratas-de-mentirosos-e-abandonou-o-partido-verdadeiro-ou-falso	sapo.pt	[1001095053924864001]	-1
review_15477	https://piaui.folha.uol.com.br/lupa/2019/04/16/verificamos-bolsonaro-ingleses/	uol.com.br	[1117889888110518272]	-1
review_15719	https://poligrafo.sapo.pt/fact-check/bill-gates-ja-tinha-previsto-a-epidemia-do-novo-coronavirus-em-2015	sapo.pt	[1277787130362761217]	-1
review_16490	https://checamos.afp.com/nao-medidas-fazem-parte-de-um-projeto-do-governo-mas-ainda-aguardam-aprovacao-do-congresso	afp.com	[1115949197092696066]	-1
review_15647	https://observador.pt/factchecks/mulher-que-trabalhou-40-anos-recebe-apenas-250-euros-de-reforma/	observador.pt	[1099022532802420736]	-1
review_01082	https://www.aosfatos.org/noticias/imagem-de-protesto-pelo-impeachment-circula-como-se-fosse-de-ato-por-bolsonaro/	aosfatos.org	[1046142513499840513]	-1
review_10162	https://www.boatos.org/politica/salim-mattar-dono-da-localiza-grava-video-criticando-quarentena-congresso-apoiando-bolsonaro.html	boatos.org	[1042436525626150912]	-1
review_13677	https://g1.globo.com/fato-ou-fake/noticia/2018/10/18/e-fake-que-audio-revela-haddad-e-manuela-tramando-contra-exercito-e-bolsonaro.ghtml	globo.com	[1052710832474284032]	-1
review_11679	https://poligrafo.sapo.pt/fact-check/a-organizacao-das-nacoes-unidas-indica-que-ha-112-generos-distintos	sapo.pt	[1001095053924864001]	-1
review_12681	https://poligrafo.sapo.pt/fact-check/os-eua-ja-produziram-uma-vacina-que-cura-o-novo-coronavirus	sapo.pt	[1277787130362761217]	-1
review_03871	https://www.aosfatos.org/noticias/e-falso-que-jornalista-guga-chacra-disse-ter-nojo-do-brasil/	aosfatos.org	[1169930350648287234]	-1
review_17320	https://checamos.afp.com/nao-depois-das-eleicoes-haddad-nao-disse-que-lula-ira-acompanha-lo-no-planalto	afp.com	[1026444596186959872]	-1
review_11883	https://piaui.folha.uol.com.br/lupa/2020/01/07/verificamos-tempestade-australia/	uol.com.br	[1214187981671718914]	-1
review_04915	https://g1.globo.com/fato-ou-fake/noticia/2018/10/03/e-fake-postagem-que-diz-que-empresario-nao-pagara-mais-salario-minimo-se-bolsonaro-for-eleito.ghtml	globo.com	[1045358429047590913]	-1
review_00879	https://poligrafo.sapo.pt/fact-check/lider-do-pnr-anunciou-que-nao-e-gay-e-nunca-o-foi-de-forma-consistente	sapo.pt	[1106573593209700358]	-1
review_04398	https://g1.globo.com/fato-ou-fake/noticia/2018/10/06/e-fake-mensagem-que-diz-que-haddad-fez-video-dizendo-que-jogou-a-toalha-e-que-a-eleicao-para-a-presidencia-acabou.ghtml	globo.com	[1026444596186959872]	-1
review_12783	https://oglobo.globo.com/fato-ou-fake/e-fake-que-oms-pediu-desculpas-por-erro-mudou-posicionamento-agora-recomenda-hidroxicloroquina-para-tratar-covid-19-24616662	globo.com	[1270164078456197122]	-1
review_09111	https://www.boatos.org/politica/bolsonaro-confirma-possivel-cancer-pele-desabafo.html	boatos.org	[1240766345773539328]	-1
review_01662	https://poligrafo.sapo.pt/fact-check/cerveja-puro-malte-gelada-pode-matar-celulas-cancerigenas	sapo.pt	[1240766345773539328]	-1
review_05785	https://www.bol.uol.com.br/noticias/2019/10/18/injuriar-o-presidente-do-brasil-e-crime-mas-dificilmente-leva-a-prisao.htm	uol.com.br	[1108725988995809281]	-1
review_05385	https://poligrafo.sapo.pt/fact-check/jair-bolsonaro-escreveu-comentario-desrespeitoso-sobre-a-esposa-de-emmanuel-macron	sapo.pt	[1169930350648287234]	-1
review_07803	https://poligrafo.sapo.pt/fact-check/ana-gomes-disse-que-no-ps-nao-ha-socialistas-o-que-ha-e-um-gang-de-vigaristas	sapo.pt	[1215585883254116357]	-1
review_10831	https://poligrafo.sapo.pt/fact-check/miguel-esteves-cardoso-disse-ou-escreveu-frase-homofobica-contra-orgulho-gay-que-circula-nas-redes-sociais	sapo.pt	[1001095053924864001]	-1
review_00096	https://www.aosfatos.org/noticias/nao-e-verdade-que-diretor-da-oms-recuou-de-recomendacao-de-isolamento-social/	aosfatos.org	[1241022265216716800]	-1
review_01662	https://poligrafo.sapo.pt/fact-check/cerveja-puro-malte-gelada-pode-matar-celulas-cancerigenas	sapo.pt	[1238983080603537408]	-1
review_15339	https://poligrafo.sapo.pt/fact-check/joacine-k-moreira-disse-que-homicidio-de-estudante-em-lisboa-foi-um-um-mero-assalto	sapo.pt	[1106573593209700358]	-1
review_01443	https://poligrafo.sapo.pt/fact-check/fernando-nobre-escreveu-um-texto-negacionista-da-covid-19	sapo.pt	[1001095053924864001]	-1
review_04875	https://noticias.uol.com.br/confere/ultimas-noticias/2018/09/01/eike-batista-nao-consta-como-fundador-do-partido-novo.htm	uol.com.br	[1215585883254116357]	-1
review_03165	https://piaui.folha.uol.com.br/lupa/2019/05/03/verificamos-gleisi-senna/	uol.com.br	[1215585883254116357]	-1
review_06041	https://politica.estadao.com.br/blogs/estadao-verifica/post-mistura-dados-verdadeiros-com-numeros-incorretos-sobre-financiamentos-do-bndes-nos-governos-do-pt/	estadao.com.br	[1086196654703824896]	-1
review_16047	https://www.bol.uol.com.br/noticias/2019/10/28/brasil-tecnologia-cancer-mama-sem-cirurgia.htm	uol.com.br	[1263130475167657984]	-1
review_00620	https://www.aosfatos.org/noticias/reforma-da-previdencia-nao-diminuiu-abono-salarial-pispasep-pela-metade/	aosfatos.org	[1099022532802420736]	-1
review_13476	https://piaui.folha.uol.com.br/lupa/2019/02/12/verificamos-procurado-marielle-bolsonaro/	uol.com.br	[1147167763162652673]	-1
review_15347	https://poligrafo.sapo.pt/fact-check/os-chineses-estao-a-construir-uma-ferrovia-no-brasil-por-iniciativa-do-presidente-bolsonaro	sapo.pt	[1149850274619678721]	-1
review_18214	https://www.aosfatos.org/noticias/pms-em-foto-com-flavio-e-jair-bolsonaro-nao-sao-os-milicianos-suspeitos-da-morte-de-marielle/	aosfatos.org	[1105473351244488704]	-1
review_12066	https://piaui.folha.uol.com.br/lupa/2019/01/09/verificamos-divida-globo/	uol.com.br	[1215585883254116357]	-1
review_12301	https://www.bol.uol.com.br/noticias/2019/09/20/xingar-o-presidente-e-crime-mas-dificilmente-leva-a-prisao.htm	uol.com.br	[1108725988995809281]	-1
review_14803	https://checamos.afp.com/nao-este-video-nao-mostra-um-homem-usando-um-drone-para-atingir-vizinhos-por-conta-do-som-alto	afp.com	[1150852667301912578]	-1
review_17400	https://poligrafo.sapo.pt/fact-check/obama-alertou-em-2014-que-e-muito-provavel-que-chegue-uma-doenca-que-se-transmita-pelo-ar-e-seja-mortal	sapo.pt	[1277787130362761217]	-1
review_04959	https://observador.pt/factchecks/fact-check-policia-emitiu-alerta-sobre-novo-metodo-de-assaltar-carros/	observador.pt	[1292904281205616650]	-1
review_12427	https://politica.estadao.com.br/blogs/estadao-verifica/iniciativa-de-retirar-tomadas-de-presidios-nao-e-de-sergio-moro/	estadao.com.br	[1108725988995809281]	-1
review_16761	https://piaui.folha.uol.com.br/lupa/2017/06/06/verdades-e-mentiras-sobre-o-julgamento-de-dilma-e-temer-no-tse/	uol.com.br	[1236436399844450304]	-1
review_19181	https://www.bol.uol.com.br/noticias/2019/11/28/post-mistura-dados-certos-e-errados-de-financiamentos-do-bndes-sob-o-pt.htm	uol.com.br	[1086196654703824896]	-1
review_06006	https://politica.estadao.com.br/blogs/estadao-verifica/conheca-alguns-boatos-zumbis-mentiras-que-nunca-morrem/	estadao.com.br	[1164933308163268608]	-1
review_15371	https://politica.estadao.com.br/blogs/estadao-verifica/revogacao-de-uso-emergencial-da-hidroxicloroquina-pela-fda-causa-desinformacao-nas-redes/	estadao.com.br	[1270164078456197122]	-1
review_13257	https://checamos.afp.com/nao-este-homem-nao-esta-internado-trata-se-da-cena-de-uma-serie-de-tv	afp.com	[1298755761741459459]	-1
review_14237	https://www.boatos.org/politica/sergio-moro-cafe-manha-rodrigo-maia-joice-hasselmann-apos-pedir-demissao-ministerio-justica.html	boatos.org	[1252062332726980609]	-1
review_09676	https://observador.pt/factchecks/este-e-o-despacho-do-governo-que-prepara-o-fecho-de-todas-as-escolas/	observador.pt	[1241022265216716800]	-1
review_15396	https://www.aosfatos.org/noticias/haddad-nao-prometeu-fazer-lula-presidente-do-brasil-apos-passar-para-o-segundo-turno/	aosfatos.org	[1026444596186959872]	-1
review_07781	https://www.bol.uol.com.br/noticias/2019/07/02/toffoli-nao-visitou-lula-na-prisao-mendes-telefonou-ao-ex-presidente.htm	uol.com.br	[1252062332726980609]	-1
review_08740	https://piaui.folha.uol.com.br/lupa/2020/08/27/verificamos-flavio-dino-velorio-pai-covid-19/	uol.com.br	[1298755761741459459]	-1
review_06235	https://politica.estadao.com.br/blogs/estadao-verifica/sites-publicam-entrevista-falsa-com-juiz-sergio-moro/	estadao.com.br	[1108725988995809281]	-1
review_11099	https://poligrafo.sapo.pt/fact-check/coronavirus-imagens-de-multidao-a-passear-na-povoa-de-varzim-sao-reais-e-foram-mesmo-captadas-ontem	sapo.pt	[1300460346981986304]	-1
review_11426	https://piaui.folha.uol.com.br/lupa/2020/04/27/verificamos-moro-twitter-maia/	uol.com.br	[1252360177816223745]	-1
review_12762	https://www.bol.uol.com.br/noticias/2019/08/24/alemanha-nao-pediu-a-onu-para-fazer-intervencao-armada-no-brasil.htm	uol.com.br	[1165356474266247168]	-1
review_19463	https://checamos.afp.com/esta-foto-de-um-leao-na-rua-foi-tirada-na-africa-do-sul-em-2016-e-nao-tem-relacao-com-pandemia-do	afp.com	[1247215843039215616]	-1
review_15424	https://www.bol.uol.com.br/noticias/2019/06/03/deputada-maria-do-rosario-pt-nao-chamou-moro-de-hitler-do-judiciario.htm	uol.com.br	[1263469430232711171]	-1
review_19529	https://www.aosfatos.org/noticias/foto-de-rodrigo-maia-em-evento-com-pezao-foi-registrada-em-2018/	aosfatos.org	[1252062332726980609]	-1
review_09710	https://checamos.afp.com/marcus-vinicius-silva-o-jovem-baleado-no-complexo-da-mare-foi-fotografado-segurando-uma	afp.com	[1084261085195235328]	-1
review_08422	https://www.aosfatos.org/noticias/nao-e-verdade-que-politicos-de-esquerda-mandaram-destruir-estrada-no-tocantins/	aosfatos.org	[1157842285939310592]	-1
review_05220	https://www.bol.uol.com.br/noticias/2019/05/04/montagem-que-elogia-governo-bolsonaro-nao-mostra-como-esta-obra-na-br-163.htm	uol.com.br	[1149850274619678721]	-1
review_19808	https://www.aosfatos.org/noticias/audio-de-de-bolsonaro-em-conversa-exaltada-no-hospital-e-falso/	aosfatos.org	[1042436525626150912]	-1
review_15711	https://checamos.afp.com/nao-esta-foto-nao-mostra-fidel-castro-com-o-ministro-marco-aurelio-mello	afp.com	[1016177683909304323]	-1
review_14193	https://piaui.folha.uol.com.br/lupa/2019/06/13/verificamos-telegram-hacker-manipulou-conversas-moro-dallagnol/	uol.com.br	[1139136210209841153]	-1
review_07938	https://checamos.afp.com/analise-de-imagens-da-nasa-mostra-que-ha-focos-de-incendio-na-floresta-amazonica	afp.com	[1165356474266247168]	-1
review_10466	https://www.aosfatos.org/noticias/e-falso-que-flavio-bolsonaro-ironizou-garcom-que-segurava-guarda-chuva-quando-foi-morto/	aosfatos.org	[1147167763162652673]	-1
review_06316	https://politica.estadao.com.br/blogs/estadao-verifica/pilha-de-dinheiro-e-parte-de-instalacao-artistica-e-nao-pertence-a-cristina-kirchner/	estadao.com.br	[1215374190318100483]	-1
review_12539	https://www.aosfatos.org/noticias/video-que-mostra-homem-sendo-chicoteado-e-de-2017-e-agressor-nao-e-vereador-do-pt/	aosfatos.org	[1298755761741459459]	-1
review_15941	https://checamos.afp.com/este-saque-foi-fotografado-em-2015-anos-antes-dos-protestos-pela-morte-de-george-floyd	afp.com	[1298755761741459459]	-1
review_11486	https://politica.estadao.com.br/blogs/estadao-verifica/homem-e-confundido-com-suspeito-de-matar-marielle-em-foto-com-bolsonaro-e-filho/	estadao.com.br	[1105473351244488704]	-1
review_11235	https://apublica.org/2017/05/truco-pai-de-primo-de-aecio-confirma-desabafo-ele-nao-honra-a-memoria-do-pai-e-do-avo/	apublica.org	[1016177683909304323]	-1
review_01213	https://g1.globo.com/fato-ou-fake/noticia/2018/09/20/e-fake-que-video-de-assalto-que-circula-na-web-foi-de-tentativa-de-roubo-de-crianca-na-baixada-fluminense.ghtml	globo.com	[1084261085195235328]	-1
review_13688	https://politica.estadao.com.br/blogs/estadao-verifica/posts-usam-video-de-obra-no-tocantins-para-dizer-que-esquerda-esta-destruindo-asfalto/	estadao.com.br	[1157842285939310592]	-1
review_16375	https://observador.pt/factchecks/fact-check-ha-caes-a-serem-chacinados-no-santuario-de-fatima/	observador.pt	[1076137245873225728]	-1
review_10322	https://poligrafo.sapo.pt/fact-check/marielle-franco-tirou-fotografia-abracada-a-um-dos-seus-assassinos	sapo.pt	[1105473351244488704]	-1
review_09802	https://poligrafo.sapo.pt/fact-check/rui-pinto-diz-que-tem-provas-de-um-desvio-de-600-milhoes-de-euros-do-bes	sapo.pt	[1215374190318100483]	-1
review_11068	https://poligrafo.sapo.pt/fact-check/lula-da-silva-e-dilma-rousseff-mandaram-30-bilioes-de-reais-para-fora-do-brasil	sapo.pt	[1086196654703824896]	-1
review_12240	https://g1.globo.com/fato-ou-fake/noticia/2018/11/04/e-fake-que-enem-2018-foi-cancelado-por-suspeitas-de-fraude.ghtml	globo.com	[1252360177816223745]	-1
review_18752	https://checamos.afp.com/nao-professora-que-salvou-criancas-de-creche-em-incendio-nao-foi-condecorada-por-bolsonaro	afp.com	[995666477452754944]	-1
review_10149	https://poligrafo.sapo.pt/fact-check/4299	sapo.pt	[1139136210209841153]	-1
review_18017	https://poligrafo.sapo.pt/fact-check/jose-carlos-malato-investiu-numa-plataforma-de-criptomoedas-que-pode-transformar-qualquer-um-em-milionario	sapo.pt	[1215374190318100483]	-1
review_16208	https://piaui.folha.uol.com.br/lupa/2019/08/27/verificamos-taliria-policiais/	uol.com.br	[1164933308163268608]	-1
review_10437	https://www.aosfatos.org/noticias/o-que-e-fato-e-o-que-nao-e-nas-declaracoes-de-barroso-sobre-a-previdencia/	aosfatos.org	[1098248521386475520]	-1
review_17934	https://poligrafo.sapo.pt/fact-check/jose-manuel-coelho-foi-condenado-a-tres-anos-e-meio-de-prisao-efetiva-por-dizer-a-verdade	sapo.pt	[1215374190318100483]	-1
review_02098	https://g1.globo.com/fato-ou-fake/noticia/2018/10/15/e-fake-que-prints-revelam-futuras-equipes-ministeriais-de-haddad-e-bolsonaro.ghtml	globo.com	[1252062332726980609]	-1
review_17631	https://g1.globo.com/fato-ou-fake/noticia/2018/09/26/e-fake-que-deputado-paulo-ramos-ofereceu-dinheiro-para-professoras-fazerem-campanha-contra-bolsonaro-em-video.ghtml	globo.com	[1107467130117738497]	-1
review_11269	https://www.aosfatos.org/noticias/nao-e-acusado-da-morte-de-marielle-homem-que-esta-em-foto-com-vereadora/	aosfatos.org	[1105473351244488704]	-1
review_12505	https://g1.globo.com/fato-ou-fake/noticia/2018/10/07/e-fake-que-trump-fez-post-no-twitter-em-favor-de-jair-bolsonaro.ghtml	globo.com	[1107467130117738497]	-1
review_07939	https://piaui.folha.uol.com.br/lupa/2018/11/05/verificamos-flavio-bolsonaro-garcom-morto-assumiu-risco/	uol.com.br	[1147167763162652673]	-1
review_08302	https://www.boatos.org/politica/lula-acaba-ser-expulso-franca-video.html	boatos.org	[1169930350648287234]	-1
review_08965	https://www.bol.uol.com.br/noticias/2019/01/10/nao-ha-registro-de-massacre-indigena-no-brasil-em-2019.htm	uol.com.br	[1164802352131371008]	-1
review_02140	https://www.aosfatos.org/noticias/veja-o-que-checamos-no-debate-da-redetv-em-sp/	aosfatos.org	[1183364070331879424]	-1
review_02268	https://piaui.folha.uol.com.br/lupa/2020/07/02/verificamos-limao-melao-covid/	uol.com.br	[1293592445893128200]	-1
review_01391	https://politica.estadao.com.br/blogs/estadao-verifica/publicacao-distorce-informacoes-sobre-protocolos-para-uso-de-medicamentos-contra-a-covid-19/	estadao.com.br	[1263130475167657984]	-1
review_19130	https://www.bol.uol.com.br/noticias/2019/07/22/video-de-bolsonaro-em-quarto-de-hotel-minusculo-no-japao-e-antigo.htm	uol.com.br	[1107467130117738497]	-1
review_06970	https://checamos.afp.com/e-exagerado-afirmar-que-costa-rica-eliminara-plasticos-de-uso-unico-e-emissoes-de-carbono-ate-2021	afp.com	[1193598010720227329]	-1
review_13411	https://g1.globo.com/fato-ou-fake/noticia/2018/10/18/e-fake-que-haddad-disse-neste-2o-turno-que-crise-so-acaba-com-lula-na-presidencia.ghtml	globo.com	[1052710832474284032]	-1
review_04352	https://politica.estadao.com.br/blogs/estadao-verifica/presidente-da-oab-nao-posou-para-foto-com-cesare-battisti/	estadao.com.br	[5808210795]	-1
review_02403	https://observador.pt/factchecks/governo-perdoou-mesmo-metade-do-emprestimo-a-banca/	observador.pt	[1082296529434697728]	-1
review_10136	https://www.aosfatos.org/noticias/ao-comparar-mortes-por-covid-19-em-mg-e-sp-posts-ignoram-volume-de-testes-e-subnotificacao/	aosfatos.org	[1294027549459218436]	-1
review_03730	https://politica.estadao.com.br/blogs/estadao-verifica/e-falso-que-video-mostre-encontro-de-gilmar-e-mandetta-em-portugal/	estadao.com.br	[1119766061061160960]	-1
review_07033	https://poligrafo.sapo.pt/fact-check/centeno-diz-que-a-venda-do-novo-banco-foi-feita-pelo-fundo-de-resolucao-e-nao-pelo-governo-confirma-se	sapo.pt	[1082296529434697728]	-1
review_17251	https://poligrafo.sapo.pt/fact-check/os-piores-canalhas-estao-na-politica-moita-flores-fez-esta-afirmacao	sapo.pt	[1245378103934889984]	-1
review_07209	https://piaui.folha.uol.com.br/lupa/2019/05/23/verificamos-armas-santa-catarina/	uol.com.br	[1164802352131371008]	-1
review_07234	https://politica.estadao.com.br/blogs/estadao-verifica/policia-rodoviaria-federal-desmente-boato-sobre-atentado-em-brumadinho/	estadao.com.br	[1088902958392188929]	-1
review_19154	https://poligrafo.sapo.pt/fact-check/jose-gusmao-no-twitter-cds-so-quer-conhecer-devedores-da-cgd-e-nao-os-dos-restantes-bancos-verdadeiro-ou-falso	sapo.pt	[1082296529434697728]	-1
review_10696	https://piaui.folha.uol.com.br/lupa/2019/01/18/verificamos-carlos-bolsonaro-12-anos/	uol.com.br	[1147167763162652673]	-1
review_14343	https://noticias.uol.com.br/confere/ultimas-noticias/2018/06/22/golpe-fala-que-caixa-liberou-milhoes-de-reais-em-impostos-mas-e-virus.htm	uol.com.br	[1245378103934889984]	-1
review_08256	https://www.boatos.org/brasil/regiao-sul-alerta-frio-extremo-temperaturas-de-15oc-50-anos.html	boatos.org	[1214187981671718914]	-1
review_13065	https://politica.estadao.com.br/blogs/estadao-verifica/caixa-nao-envia-links-por-whatsapp-ou-facebook-para-desbloqueio-do-auxilio-emergencial/	estadao.com.br	[1245378103934889984]	-1
review_17211	https://politica.estadao.com.br/blogs/estadao-verifica/incendios-na-australia-boato-tenta-diminuir-influencia-das-mudancas-climaticas/	estadao.com.br	[1214187981671718914]	-1
review_19880	https://politica.estadao.com.br/blogs/estadao-verifica/estudos-falharam-em-provar-beneficio-da-cloroquina-para-tratamento-da-covid-19/	estadao.com.br	[1284493661791715330]	-1
review_06599	https://politica.estadao.com.br/blogs/estadao-verifica/ainda-nao-ha-cura-oficial-para-a-covid-19-tratamento-com-corticoides-nao-tem-estudo-publicado/	estadao.com.br	[1293592445893128200]	-1
review_03814	https://projetocomprova.com.br/publica%C3%A7%C3%B5es/post-mistura-dados-verdadeiros-com-numeros-incorretos-sobre-financiamentos-do-bndes-nos-governos-do-pt/	projetocomprova.com.br	[1086196654703824896]	-1
review_01213	https://g1.globo.com/fato-ou-fake/noticia/2018/09/20/e-fake-que-video-de-assalto-que-circula-na-web-foi-de-tentativa-de-roubo-de-crianca-na-baixada-fluminense.ghtml	globo.com	[1154327423363801088]	-1
review_13460	https://poligrafo.sapo.pt/fact-check/fotografias-de-medicos-a-dormir-devido-a-exaustao-foram-captadas-em-portugal	sapo.pt	[1052710832474284032]	-1
review_12280	https://www.bol.uol.com.br/noticias/2019/03/26/greve-caminhoneiros-dia-30-de-marco.htm	uol.com.br	[1245378103934889984]	-1
review_18321	https://checamos.afp.com/nao-este-tuite-e-uma-montagem-o-aplicativo-nao-publicou-que-mensagens-foram-alteradas-por-hackers	afp.com	[1139136210209841153]	-1
review_15965	https://piaui.folha.uol.com.br/lupa/2017/07/05/gilmar-mendes-contradicoes/	uol.com.br	[1236436399844450304]	-1
